 RAh  RAm     RAs Sgn  DEd  DEm    DEs     Mag    ObjType     Label/Search
--------------------------------------------------------------------------
   7   25  43.596  +   27   47  53.09   3.507       Star        HIP 36046
   4   22  56.095  +   17   32  33.05   3.516       Star GAI 3314024566919613952
  22   10  12.274  +    6   11  52.68   3.517       Star GAI 2720428303852574336
   3   44  11.981  -   64   48  24.89   3.517       Star GAI 4672726716408826240
   9   56  51.741  -   54   34   4.04   3.521       Star        HIP 48774
   4   14   0.114  -   42   17  39.73   3.527       Star        HIP 19747
   6   54  11.399  -   12    2  19.06   3.529       Star        HIP 33160
  21   26  40.031  -   22   24  40.75   3.530       Star GAI 6828125061423674752
   9   52  45.817  +   26    0  25.02   3.530       Star        HIP 48455
  13   31   2.633  -   39   24  26.49   3.534       Star        HIP 65936
   8   40  17.599  -   52   55  18.88   3.535       Star GAI 5318547273548061824
   3    9  29.804  +   44   51  26.85   3.536       Star GAI 433103132037681536
  13   51  25.912  +   64   43  23.81   3.538       Star GAI 1671148277108755200
   5   46  57.341  -   14   49  19.02   3.541       Star        HIP 27288
  19   17   6.168  +   53   22   6.45   3.544       Star        HIP 94779
   5   31  12.747  -   35   28  13.82   3.546       Star GAI 4822106194362165760
   2   43  17.880  +    3   14   6.61   3.550       Star GAI 2502847975056102400
   8   40  37.571  -   46   38  55.46   3.554       Star GAI 5521599549054493696
   2   16  30.586  -   51   30  43.79   3.556       Star        HIP 10602
  16   15  26.271  -   63   41   8.45   3.560       Star        HIP 79664
   4   35  33.038  -   30   33  44.43   3.566       Star        HIP 21393
   6   14  51.333  -    6   16  29.20   3.571       Star        HIP 29651
  23    1  55.265  +   42   19  33.66   3.576       Star GAI 1931192500887330688
   7   18   5.579  +   16   32  25.39   3.580       Star        HIP 35350
   9   31  31.708  +   63    3  42.70   3.582       Star        HIP 46733
   2   56  25.649  -    8   53  53.32   3.583       Star        HIP 13701
   5   17  36.390  -    6   50  39.87   3.588       Star        HIP 24674
   5   33  37.516  -   62   29  23.38   3.593       Star        HIP 26069
   6   52  47.339  +   33   57  40.52   3.594       Star        HIP 33018
  14   43  39.438  -   35   10  25.21   3.594       Star GAI 6203033940614597504
  17   31   5.914  -   60   41   1.84   3.596       Star        HIP 85727
   4   38  10.824  -   14   18  14.50   3.601       Star GAI 3174163561130003840
   0    9  24.640  -   45   44  50.73   3.602       Star          HIP 765
  15   27  49.754  +   29    6  20.49   3.604       Star GAI 1273423791421021568
   8   50  31.923  -   27   42  35.43   3.610       Star GAI 5642935536248627456
   6   22   6.825  -   33   26  11.04   3.611       Star GAI 2891816671700460288
   8   22  50.109  +   43   11  17.27   3.614       Star GAI 916230087468692864
   0   14  38.417  -   18   55  58.31   3.616       Star         HIP 1170
  19   56  18.372  +   35    5   0.32   3.623       Star        HIP 98110
  11   45  36.415  -   66   43  43.53   3.625       Star GAI 5236306071562633344
  23   10  21.528  -   45   14  48.15   3.625       Star GAI 6539947667988856320
  23   22  58.226  -   20    6   2.10   3.627       Star       HIP 115438
  11   15  12.228  +   23    5  43.83   3.631       Star        HIP 54951
   5   56  24.293  -   14   10   3.72   3.636       Star        HIP 28103
   8   44  41.099  +   18    9  15.51   3.637       Star        HIP 42911
   5   59   8.805  -   42   48  54.48   3.638       Star        HIP 28328
  18    6  37.868  -   50    5  29.33   3.644       Star        HIP 88714
  23   57  45.527  +   25    8  29.06   3.645       Star       HIP 118131
   3   46   8.535  -   12    6   5.72   3.651       Star        HIP 17593
  15   46  11.255  +   15   25  18.55   3.654       Star GAI 1195823284391343104
   5   51  29.369  +   39    8  54.69   3.659       Star GAI 3458053271535395712
  18   43   2.136  -   71   25  41.22   3.660       Star        HIP 91792
   7   41  14.832  -    9   33   4.08   3.661       Star        HIP 37447
   7   41  49.259  -   72   36  21.96   3.662       Star        HIP 37504
   3   45  11.633  +   42   34  42.71   3.664       Star GAI 243276881910517120
  22    7   0.666  +   25   20  42.36   3.664       Star GAI 1891598193816300544
   0   36  58.284  +   53   53  48.88   3.664       Star         HIP 2920
   9   31  43.230  +   22   58   4.73   3.671       Star        HIP 46750
   1   31  15.104  -   49    4  21.73   3.671       Star         HIP 7083
   6   36  41.038  -   19   15  21.17   3.673       Star        HIP 31592
  16   21  55.215  +   19    9  11.26   3.692       Star        HIP 80170
   4   54  15.097  +    2   26  26.42   3.692       Star        HIP 22797
  15   56  27.183  +   15   39  41.81   3.694       Star        HIP 78072
  15   50  48.965  +    4   28  39.83   3.700       Star        HIP 77622
  21   14  47.687  +   38    2  50.56   3.705       Star GAI 1964791583368233088
  23    9  31.459  +    8   40  37.76   3.705       Star       HIP 114347
   9   50  59.358  +   59    2  19.44   3.705       Star        HIP 48319
  14   12  53.745  -   10   16  25.33   3.710       Star        HIP 69427
  16   19  50.422  -   50    9  19.82   3.717       Star        HIP 80000
  14   46  14.923  +    1   53  34.38   3.728       Star        HIP 72220
  10   27   9.101  -   31    4   4.00   3.733       Star        HIP 51172
   8   40   6.143  -   35   18  30.08   3.735       Star GAI 5626529620176041600
  20   39  38.280  +   15   54  43.78   3.736       Star GAI 1810711143451975296
   7   16  34.993  -   27   52  52.24   3.739       Star        HIP 35205
  19   28  42.330  +   24   39  53.66   3.741       Star        HIP 95771
  19   29  42.358  +   51   43  47.20   3.742       Star        HIP 95853
   1    6   5.029  -   46   43   6.21   3.744       Star         HIP 5165
  14   27  31.545  +   75   41  45.58   3.745       Star        HIP 70692
  10   27  52.730  -   58   44  21.86   3.751       Star        HIP 51232
  17   47  53.561  +    2   42  26.20   3.753       Star        HIP 87108
  15   57  35.251  +   26   52  40.37   3.756       Star        HIP 78159
   0   47  20.326  +   24   16   1.84   3.760       Star         HIP 3693
  19   10   1.757  -   39   20  26.85   3.763       Star GAI 6717964750922730624
  13   51  47.475  +   34   26  39.27   3.766       Star        HIP 67665
  14   43   3.624  -    5   39  29.52   3.767       Star GAI 6337717036911729024
  15   36  43.223  -   66   19   1.34   3.768       Star        HIP 76440
  21   29  56.894  +   23   38  19.83   3.769       Star GAI 1797346167298274304
  21   22   5.199  +   19   48  16.24   3.772       Star       HIP 105502
   6   17  54.822  +   61   30  55.03   3.772       Star        HIP 29919
  20   47  40.550  -    9   29  44.80   3.775       Star       HIP 102618
  10   59  46.465  -   18   17  55.63   3.778       Star        HIP 53740
   7   16  49.822  -   67   57  25.75   3.779       Star        HIP 35228
   7   31   4.468  +   82   24  41.28   3.780       Star        HIP 36547
  21    7   7.668  -   25    0  21.07   3.782       Star       HIP 104234
  21   15  49.437  +    5   14  52.41   3.782       Star GAI 1732693474833518720
  22   31  17.501  +   50   16  56.97   3.784       Star       HIP 111169
   9   37   5.288  +   81   19  34.97   3.785       Star        HIP 47193
  12   54  21.163  -    9   32  20.36   3.786       Star GAI 3626724299468272384
  17   39  27.887  +   46    0  22.79   3.791       Star        HIP 86414
  14    7  55.755  +   43   51  16.03   3.792       Star        HIP 69038
  19   55  15.695  -   41   52   5.90   3.793       Star GAI 6687035763708945792
  13   40  44.273  +   54   40  53.89   3.797       Star        HIP 66738
  18   23  13.637  -   61   29  38.08   3.800       Star GAI 6634378296431076864
   9    2  32.691  +   67   37  46.62   3.803       Star        HIP 44390
   0   27  55.698  -   33    0  25.80   3.804       Star         HIP 2210
   8   55   2.848  -   60   38  40.59   3.809       Star GAI 5301472064124336000
   4   36  41.433  +   41   15  53.41   3.810       Star GAI 203855713561818240
  18   28  49.859  -   49    4  14.12   3.814       Star        HIP 90568
  13   31  57.885  -    6   15  20.94   3.815       Star GAI 3631753877970312576
  12   19  54.342  -    0   40   0.47   3.816       Star GAI 3695061317957036928
  12   32  28.013  -   72    7  58.76   3.816       Star        HIP 61199
  17   26  30.881  +    4    8  25.29   3.818       Star        HIP 85355
   2   40  40.035  -   39   51  19.36   3.822       Star        HIP 12486
   5   47  17.088  -   51    3  59.44   3.823       Star        HIP 27321
  10   32  48.670  +    9   18  23.71   3.826       Star        HIP 51624
  18    7  32.551  +   28   45  44.97   3.832       Star        HIP 88794
   3   30  52.378  +   12   56  12.01   3.836       Star        HIP 16369
   0   48  40.944  +    7   35   6.29   3.836       Star         HIP 3786
  10    7  54.270  +    9   59  51.02   3.839       Star        HIP 49637
  15   53  49.538  -   16   43  45.47   3.841       Star        HIP 77853
  23    0  52.808  -   52   45  14.80   3.842       Star GAI 6512396139980581376
   3   44  19.134  +   32   17  17.69   3.842       Star        HIP 17448
   4   14  53.864  +   48   24  33.59   3.846       Star        HIP 19812
  10   14  44.156  -   42    7  18.99   3.847       Star        HIP 50191
  13   58  40.709  -   44   48  13.26   3.849       Star        HIP 68282
  22   21  39.372  -    1   23  14.46   3.849       Star GAI 2677558895241364864
  12    5  12.532  +    8   43  58.87   3.858       Star GAI 3905768599567468544
   9   51  28.709  -   14   50  48.29   3.864       Star        HIP 48356
  15   56  53.077  -   29   12  50.67   3.867       Star        HIP 78104
   3   20  20.362  +   29    2  54.45   3.867       Star        HIP 15549
   3   30  34.485  +   47   59  42.78   3.868       Star        HIP 16335
  16    1  53.345  +   58   33  54.90   3.869       Star        HIP 78527
  11   21   0.417  -   54   29  27.96   3.873       Star GAI 5346659311979165184
  20   33  54.188  +   35   15   3.04   3.877       Star GAI 2056616231822305280
  11   46  30.823  -   61   10  42.24   3.879       Star        HIP 57439
  14   26  55.232  -   83   40   4.39   3.880       Star        HIP 70638
   1    8  44.879  +   86   15  25.53   3.880       Star         HIP 5372
   9   14  21.860  +    2   18  51.55   3.881       Star GAI 3845263368043470080
  10    0  12.806  +    8    2  39.19   3.883       Star        HIP 49029
  20   57  10.419  +   41   10   1.67   3.886       Star GAI 2065606182478642560
  16   19  44.437  +   46   18  48.10   3.887       Star        HIP 79992
  19   21  40.360  -   17   50  49.91   3.888       Star        HIP 95168
  18   47  10.474  -    4   44  52.34   3.891       Star        HIP 92175
  23   17  25.756  -   58   14   8.52   3.892       Star GAI 6492406743706907776
  12   28   2.382  -   50   13  50.30   3.893       Star        HIP 60823
  12   33  28.943  +   69   47  17.66   3.893       Star        HIP 61281
   7   43  48.470  -   28   57  17.37   3.896       Star        HIP 37677
   2   51  30.837  +   35    3  35.06   3.902       Star        HIP 13328
   8   25  39.632  -    3   54  23.14   3.902       Star        HIP 41307
   3    9   4.019  +   49   36  47.80   3.903       Star        HIP 14632
  14   50  17.308  -   27   57  37.30   3.907       Star        HIP 72571
  11   23  55.615  +   10   31  44.93   3.907       Star GAI 3915612630249291008
  17   30  44.310  +   26    6  38.32   3.910       Star        HIP 85693
  20   29  23.736  +   30   22   6.80   3.910       Star       HIP 101076
   4    3   9.379  +    5   59  21.48   3.910       Star        HIP 18907
  17    0  17.373  +   30   55  35.06   3.913       Star        HIP 83207
   9   21  29.590  -   25   57  55.59   3.915       Star        HIP 45902
  14   25  11.797  +   51   51   2.68   3.917       Star        HIP 70497
  23   59  18.690  +    6   51  47.96   3.924       Star       HIP 118268
  22   16  50.037  -    7   46  59.84   3.927       Star       HIP 110003
   3   49  27.246  -   36   12   0.92   3.928       Star GAI 4858358982514762368
  23   17  44.647  +   49    0  55.08   3.934       Star       HIP 115022
  21   56  39.141  +   63   37  31.98   3.940       Star       HIP 108317
   9   11  16.722  -   62   19   1.12   3.941       Star        HIP 45101
  22   55  56.900  -   32   32  22.65   3.942       Star       HIP 113246
  14   16   0.868  -    6    0   1.97   3.942       Star GAI 3640828731549972480
   2    3  26.108  +   72   25  16.66   3.948       Star         HIP 9598
   8   18  31.552  -   76   55  11.01   3.950       Star        HIP 40702
  19   23  53.175  -   40   36  57.37   3.950       Star        HIP 95347
   2    0  26.823  -    8   31  25.95   3.953       Star GAI 2463219858004414592
  18    6   1.901  +   22   13   7.95   3.955       Star        HIP 88657
   9    8   2.880  -   25   51  30.74   3.955       Star        HIP 44824
  13   17  36.287  +    5   28  11.58   3.956       Star GAI 3717256094034195584
   3   42   9.326  +   63   13   0.47   3.958       Star GAI 487305619316615680
   9    0  38.473  +   41   46  58.89   3.960       Star GAI 816649002967779584
  20    0  35.552  -   72   54  37.81   3.963       Star        HIP 98495
  19   16  22.093  +   38    8   1.47   3.965       Star GAI 2099385000742174592
  21    6  36.093  +   47   38  54.25   3.966       Star       HIP 104194
   1   36  47.842  +   41   24  19.65   3.966       Star         HIP 7513
   7   43  18.728  +   28   53   0.63   3.968       Star GAI 878467085735262720
  16   45  58.244  +   82    2  14.13   3.969       Star        HIP 82080
   1   41  25.894  +    5   29  15.40   3.970       Star         HIP 7884
   9    2  26.796  -   66   23  45.87   3.971       Star        HIP 44382
   8    2  15.937  +    2   20   4.46   3.972       Star        HIP 39311
  20   23  51.614  +   32   11  24.48   3.973       Star GAI 1862193748217511040
   4   11  51.939  -    6   50  15.29   3.974       Star        HIP 19587
   2   44  11.987  +   49   13  42.41   3.983       Star        HIP 12777
   0   14  36.164  +   20   12  24.13   3.984       Star         HIP 1168
  23   27  58.095  +    6   22  44.37   3.985       Star       HIP 115830
  14   41  57.591  -   37   47  36.58   3.987       Star        HIP 71865
  22   13  52.728  +   39   42  53.73   3.990       Star GAI 1955662200884781824
   1    2  56.608  +    7   53  24.48   3.997       Star         HIP 4906
  18   19  51.709  +   36    3  52.37   3.997       Star        HIP 89826
  18   18   3.192  -   27    2  33.52   3.998       Star        HIP 89678
  23   39  57.041  +    5   37  34.65   3.999       Star       HIP 116771
  14   37  53.226  -   49   25  32.98   4.002       Star        HIP 71536
   4   45  30.151  -    3   15  16.78   4.008       Star        HIP 22109
   1   45  23.625  +    9    9  27.90   4.013       Star GAI 2572221764290136192
  20   33  12.773  +   11   18  11.76   4.016       Star GAI 1755320049747788160
  10   19  36.753  -   55    1  45.50   4.017       Star GAI 5355253335382594176
   7   11   8.370  +   30   14  42.59   4.020       Star        HIP 34693
  21   44  30.696  +   17   21   0.06   4.023       Star       HIP 107348
  22    6   6.885  -   39   32  36.07   4.024       Star       HIP 109111
  18   11  54.157  +   31   24  19.26   4.024       Star        HIP 89172
  22   35  21.381  -    0    7   2.99   4.026       Star       HIP 111497
  11    1  49.676  -    2   29   4.53   4.026       Star GAI 3801795103551451648
   6   15  22.688  +   29   29  53.08   4.028       Star        HIP 29696
   9   29  14.720  -   35   57   4.81   4.033       Star GAI 5437183238146150400
   7   49  14.298  -   46   22  23.52   4.035       Star GAI 5530670107652889344
  11   36  56.931  -    0   49  25.50   4.038       Star        HIP 56647
  20   15  46.143  +   27   48  51.12   4.038       Star GAI 1836958616324554752
  12   26  56.273  +   28   16   6.32   4.040       Star        HIP 60742
  12   18  26.242  -   64    0  11.11   4.040       Star GAI 6053327426740164992
  11   24  52.924  -   17   41   2.44   4.047       Star        HIP 55705
  15   17  49.838  -   30    8  55.20   4.049       Star GAI 6211243890864211712
  21   22  14.796  -   16   50   4.36   4.049       Star       HIP 105515
  12   58  55.443  +   17   24  33.99   4.049       Star        HIP 63355
  15   41  56.792  -   19   40  43.65   4.052       Star GAI 6253982698111471104
   9   34  26.651  -   59   13  47.10   4.052       Star        HIP 46974
  16   31   8.367  -   16   36  45.83   4.053       Star        HIP 80894
   2   21  44.942  -   68   39  33.91   4.053       Star        HIP 11001
  11   21   8.194  +    6    1  45.56   4.055       Star        HIP 55434
   2   39  28.957  +    0   19  42.63   4.057       Star        HIP 12387
  17    3   7.871  +   14    5  31.01   4.059       Star        HIP 83430
  11   51   8.691  -   45   10  24.49   4.060       Star        HIP 57803
  15   17  30.849  -   58   48   4.35   4.061       Star        HIP 74824
   3   19  55.651  -   43    4  11.22   4.064       Star GAI 4847957293278177024
   3   11  37.767  +   19   43  36.02   4.064       Star GAI 60248877811546112
   4    4  41.713  +   22    4  54.95   4.065       Star GAI 53164002842376832
  22   40  30.858  +   44   16  34.71   4.065       Star       HIP 111944
  14   20  33.432  -   37   53   7.05   4.067       Star        HIP 70090
   8   46  22.544  -   13   32  51.81   4.067       Star GAI 5735066776630042112
  19   15  32.985  +   73   21  19.88   4.073       Star GAI 2265035532800158848
   0   20   4.259  -   64   52  29.26   4.074       Star         HIP 1599
  10   37  13.725  -   27   24  45.49   4.074       Star        HIP 51979
  20   38  20.284  -    1    6  18.42   4.075       Star GAI 4226301630912281600
  23   18  49.438  -   32   31  55.28   4.077       Star GAI 6555948757627251072
   7    0   4.037  +   76   58  38.67   4.078       Star        HIP 33694
  18   45  39.726  +   20   32  46.71   4.079       Star        HIP 92043
  21    5  56.828  -   17   13  58.31   4.079       Star       HIP 104139
   9   24  39.259  +   26   10  56.37   4.081       Star        HIP 46146
   6   56  15.990  -   48   43  16.12   4.081       Star        HIP 33357
  14   10  50.491  -   16   18   7.48   4.083       Star        HIP 69269
  17   57  47.803  -   41   42  58.66   4.084       Star        HIP 87936
  19   34   5.353  +    7   22  44.18   4.087       Star        HIP 96229
  21   26  26.605  -   65   21  58.31   4.089       Star       HIP 105858
   7    3  45.493  -   15   37  59.83   4.091       Star        HIP 34045
  12   33  44.544  +   41   21  26.92   4.095       Star        HIP 61317
  15    2  54.038  +    2    5  28.70   4.095       Star        HIP 73620
   8   38  45.437  +    3   20  29.17   4.107       Star        HIP 42402
  15    4  26.743  +   26   56  51.53   4.110       Star        HIP 73745
   5    7  34.027  -   63   23  58.85   4.110       Star        HIP 23840
   8    1  13.335  -    1   23  33.38   4.113       Star        HIP 39211
   3   46  50.887  -   23   14  59.00   4.113       Star        HIP 17651
   5   18  10.576  +   33   22  17.77   4.116       Star GAI 181124307088367232
   0   53   0.494  -    1    8  39.34   4.116       Star         HIP 4147
   2   25  37.423  +   50   16  43.06   4.117       Star        HIP 11313
  21   45  26.925  +   61    7  14.90   4.121       Star       HIP 107418
  15   51  15.909  +   20   58  40.51   4.122       Star        HIP 77661
   6   16  33.135  -   35    8  25.85   4.122       Star        HIP 29807
  19   30  39.837  -    2   47  19.99   4.123       Star        HIP 95937
   6    0   3.350  -    3    4  27.33   4.124       Star GAI 3024622798567336064
   2   13   0.000  +    8   50  48.13   4.126       Star GAI 2521951302394350336
  21   17  55.086  +   34   53  48.83   4.127       Star GAI 1867360078466623872
  11   24  36.591  -   10   51  33.58   4.127       Star GAI 3589693744277156992
  22   23  33.623  +   52   13  44.57   4.131       Star       HIP 110538
   4   16  29.028  -   59   18   7.76   4.135       Star        HIP 19921
   6   19  59.596  -    2   56  40.18   4.135       Star GAI 3117007476387801216
   8   37  39.367  +    5   42  13.64   4.136       Star        HIP 42313
  10   27  52.858  +   36   42  24.46   4.139       Star GAI 754644862217132160
   2   50  35.060  +   38   19   7.11   4.140       Star        HIP 13254
   7   11  51.860  -    0   29  33.96   4.141       Star        HIP 34769
  23   52  29.288  +   19    7  13.03   4.141       Star       HIP 117718
   3   36  52.384  +    0   24   5.99   4.141       Star        HIP 16852
  23   40  24.508  +   44   20   2.16   4.148       Star       HIP 116805
  13   41  36.770  -    8   42  10.73   4.149       Star GAI 3618198617586733312
   0   57  12.400  +   23   25   3.54   4.152       Star         HIP 4463
   2   44  56.537  +   10    6  50.92   4.154       Star        HIP 12828
   6   49  51.314  -   53   37  20.82   4.155       Star        HIP 32761
  16    6  35.544  -   36   48   8.17   4.157       Star        HIP 78918
  22    9  59.243  +   33   10  41.60   4.157       Star GAI 1899238700121170944
   7   29  47.782  +   12    0  23.63   4.158       Star        HIP 36425
  23   24  50.262  +   62   16  58.12   4.159       Star       HIP 115590
  22   40  39.348  -   27    2  37.02   4.161       Star GAI 6622561673163882752
  23    6  40.848  -   23   44  34.76   4.164       Star GAI 2384241010068307712
  20   29  34.905  +   62   59  38.80   4.165       Star GAI 2243479676058593152
  18   21  32.664  +   49    7  17.73   4.165       Star        HIP 89981
  18   52  13.034  -   62   11  15.33   4.165       Star        HIP 92609
   4   25  22.164  +   22   17  37.94   4.167       Star        HIP 20635
  12   18  20.825  -   79   18  44.04   4.167       Star GAI 5787534436419552896
  14   16  23.018  +   46    5  17.90   4.169       Star        HIP 69732
   3   24  40.557  +   64   35   9.58   4.171       Star        HIP 15890
   6   47  51.648  +    2   24  43.84   4.172       Star GAI 3126448158102337920
   5   49  49.660  -   56    9  60.00   4.173       Star GAI 4767368897757788288
   6   47  37.221  -    8   59  54.61   4.173       Star GAI 3098523380258573952
  11   30  18.893  -    3    0  12.60   4.180       Star        HIP 56127
  21   46  47.610  +   49   18  34.45   4.185       Star       HIP 107533
   3   37   5.678  -   40   16  28.78   4.186       Star GAI 4850012314870132096
  22   43  35.233  -   18   49  49.35   4.189       Star       HIP 112211
  16    8  46.176  +   44   56   5.66   4.190       Star        HIP 79101
  20    7  23.157  -   52   52  50.85   4.192       Star GAI 6665511449204071424
  17   27  21.276  -   29   52   1.33   4.192       Star        HIP 85423
  22   54  24.971  +   84   20  46.23   4.193       Star       HIP 113116
   2   47  54.542  +   29   14  49.63   4.197       Star        HIP 13061
   1   11  39.617  +   30    5  22.70   4.198       Star         HIP 5586
   0   46  32.952  +   15   28  31.83   4.199       Star         HIP 3632
   2   26  59.122  -   47   42  13.83   4.201       Star        HIP 11407
   2   44   7.348  -   13   51  31.28   4.205       Star        HIP 12770
  17   41  24.873  -   12   52  31.10   4.206       Star        HIP 86565
  12   53  26.192  -   40   10  44.09   4.208       Star GAI 6140482586674352128
   9   38  27.289  +    4   38  57.45   4.213       Star        HIP 47310
   8   58  29.204  +   11   51  27.65   4.215       Star GAI 604789257076233728
  22   56  25.998  +   49   44   0.76   4.216       Star       HIP 113288
  15    2   6.509  +   25    0  29.30   4.218       Star        HIP 73568
   5   19  34.522  -   13   10  36.37   4.218       Star        HIP 24845
   8   40  12.817  +   64   19  40.57   4.223       Star        HIP 42527
  13    6  54.639  -   49   54  22.49   4.224       Star        HIP 64004
  14    1  38.794  +    1   32  40.31   4.225       Star        HIP 68520
   9   54  52.204  -   19    0  33.62   4.229       Star GAI 5671793318423471616
  21   44  38.767  +   25   38  42.31   4.229       Star       HIP 107354
  16   32  36.292  +   11   29  16.95   4.233       Star        HIP 81008
  20   13  23.866  +   56   34   3.80   4.236       Star        HIP 99655
   4    6  35.043  +   50   21   4.54   4.236       Star        HIP 19167
  21   57  55.109  -   54   59  33.35   4.239       Star GAI 6413081274731392256
   5   54  22.961  +   20   16  34.52   4.242       Star GAI 3399063235755057792
  18   11  13.761  -   45   57  15.88   4.243       Star        HIP 89112
   5    9   8.784  -    8   45  14.70   4.243       Star        HIP 23972
   3    6  33.494  -    6    5  18.78   4.247       Star        HIP 14456
  22    6  26.227  -   13   52  10.85   4.251       Star       HIP 109139
  21    9  35.648  -   11   22  18.09   4.251       Star       HIP 104459
   4   38   9.462  +   12   30  39.01   4.253       Star GAI 3306483944378137088
   2   28   9.583  +    8   27  36.14   4.255       Star        HIP 11484
  16   27  43.457  -    7   35  52.54   4.256       Star        HIP 80620
   3   33  47.276  -   21   37  58.38   4.256       Star        HIP 16611
  23   25  22.783  +   23   24  14.76   4.258       Star       HIP 115623
   4   15  32.058  +    8   53  32.48   4.259       Star        HIP 19860
  23    7  53.871  +   75   23  15.04   4.260       Star GAI 2232894437098037888
   9    0   5.410  -   41   15  12.99   4.261       Star GAI 5620520617327833216
   5   44  46.370  -   65   44   7.79   4.261       Star        HIP 27100
  18    8   4.979  -   28   27  25.53   4.265       Star        HIP 88839
  17    1   3.602  -    4   13  21.52   4.268       Star        HIP 83262
  15   44   3.519  +   77   47  40.18   4.268       Star        HIP 77055
   0   58  36.359  -   29   21  26.83   4.269       Star         HIP 4577
  20    3  33.467  -   37   56  26.47   4.269       Star        HIP 98761
  14   20  19.543  -   56   23  11.38   4.272       Star        HIP 70069
  22   52   2.034  +   43   18  44.70   4.272       Star       HIP 112917
  12   18  59.762  -   55    8  34.73   4.273       Star GAI 6075953898506794496
   7   40  30.490  +   87    1  12.38   4.275       Star        HIP 37391
   2   13  13.294  +   44   13  53.73   4.277       Star        HIP 10340
  21   15  44.842  -   15   10  17.40   4.277       Star       HIP 104974
   0   41  19.571  -   46    5   5.93   4.280       Star GAI 4976326547130178176
   4   52  37.980  +   36   42  11.48   4.281       Star        HIP 22678
   4   52  53.669  -    5   27   9.71   4.281       Star        HIP 22701
  23   43  22.359  +   10   19  53.54   4.283       Star       HIP 117020
   9    6  31.768  +   38   27   7.97   4.284       Star        HIP 44700
   1   11   6.162  +   55    8  59.64   4.288       Star         HIP 5542
  18    8  34.816  -   63   40   6.82   4.289       Star        HIP 88866
   7   46   7.448  +   18   30  35.99   4.289       Star GAI 671619021218304640
  23   29   9.299  +   12   45  37.98   4.290       Star GAI 2812640598863547264
  17   21   0.375  -   21    6  46.57   4.291       Star GAI 4115142207982341504
   4   34  11.628  -    8   13  52.87   4.293       Star        HIP 21296
   6   47  19.830  +    8    2  14.12   4.294       Star        HIP 32533
  13   24   0.483  -   64   32   8.41   4.294       Star        HIP 65387
  20   40   2.944  -   18    8  19.17   4.298       Star       HIP 101984
   9   36  49.539  -   49   21  18.09   4.299       Star        HIP 47175
  19   50  33.995  +   38   43  20.71   4.299       Star        HIP 97630
  12   39  14.767  -    7   59  44.03   4.300       Star        HIP 61740
  20   49  28.963  -   46   13  36.58   4.303       Star       HIP 102790
   0   36  52.851  +   33   43   9.64   4.305       Star         HIP 2912
   7   34   3.181  -   22   17  45.84   4.305       Star        HIP 36795
  19   36  43.278  -    1   17  11.76   4.306       Star        HIP 96468
  18   47   1.234  +   18   10  53.46   4.312       Star GAI 4512265810537057664
  18    0   3.417  +   16   45   3.30   4.314       Star        HIP 88128
   6   39  16.719  -   14    8  44.74   4.316       Star        HIP 31827
  21   44  56.810  -   33    1  32.81   4.316       Star       HIP 107380
  15   34  10.702  -   10    3  52.32   4.316       Star        HIP 76219
   7   46  39.280  +   37   31   2.62   4.318       Star        HIP 37946
  23    7   6.742  +   25   28   5.77   4.318       Star GAI 2843604151972891904
  10   56  43.051  -   37    8  15.96   4.319       Star        HIP 53502
   0   43  21.210  -   57   27  47.03   4.321       Star         HIP 3405
  17   32  12.998  +   86   35  11.25   4.321       Star        HIP 85822
  20   45  21.129  +   57   34  46.98   4.321       Star       HIP 102431
   9   34  28.859  +   69   49  49.23   4.323       Star        HIP 46977
  14    8  50.926  +   77   32  51.04   4.324       Star        HIP 69112
  23   54  46.624  +    0    6  33.53   4.325       Star       HIP 117887
   6   34  58.580  -   52   58  32.19   4.326       Star        HIP 31407
   5   52  26.439  +    1   51  18.50   4.329       Star        HIP 27750
   9    5   8.813  -   72   36   9.73   4.330       Star        HIP 44599
   2   50  28.460  -   75    4   1.01   4.332       Star        HIP 13244
  11    0   9.264  -   42   13  33.09   4.333       Star        HIP 53773
  18   25  21.039  -   20   32  30.02   4.337       Star        HIP 90289
  11    6  32.426  -   62   25  26.81   4.341       Star        HIP 54301
  18   54  44.885  +   22   38  42.27   4.342       Star        HIP 92818
  19   59  44.179  -   35   16  34.71   4.342       Star        HIP 98412
  18   33  30.186  -   42   18  45.03   4.342       Star        HIP 90982
   5   54   6.055  -   63    5  23.21   4.344       Star GAI 4756622820871136640
   1   30  11.115  +    6    8  37.76   4.347       Star         HIP 7007
  14   23   5.774  -   27   45  14.46   4.347       Star        HIP 70306
  23   32  58.261  -   37   49   5.83   4.348       Star       HIP 116231
  20   52   7.690  +   27    5  49.00   4.349       Star GAI 1845660598015820800
   0   44  43.519  +   48   17   3.73   4.349       Star         HIP 3504
   1   53  33.337  +    3   11  15.12   4.351       Star GAI 2512513678696855936
   7   11  39.327  +   39   19  13.98   4.352       Star        HIP 34752
   3   18  43.827  +   34   13  21.55   4.352       Star        HIP 15416
  11   47  58.970  +   20   13   8.09   4.352       Star GAI 3976203211363075328
   6   56   8.225  -   17    3  15.26   4.355       Star        HIP 33347
  21   14  28.859  +   10    0  20.22   4.356       Star GAI 1743871762876699776
   8    9   1.636  -   19   14  42.12   4.357       Star        HIP 39906
   8   21  23.026  -   33    3  15.71   4.357       Star        HIP 40945
  21   40  11.110  +   43   16  25.82   4.359       Star       HIP 106999
  19   55  55.379  +   58   50  45.49   4.361       Star        HIP 98073
  15   30  55.760  +   40   49  58.97   4.361       Star        HIP 75973
  13   17  13.013  -   66   47   0.38   4.366       Star        HIP 64820
  16   22  21.425  +   33   47  56.59   4.375       Star        HIP 80197
  14   57  10.999  -    4   20  47.25   4.375       Star        HIP 73165
   6    7  34.325  +   14   46   6.51   4.376       Star        HIP 29038
  15   35  14.919  +   39    0  36.24   4.376       Star        HIP 76307
   9   27  18.413  -   22   20  37.42   4.378       Star GAI 5675226784000789504
   6   57  16.592  +   58   25  19.74   4.380       Star GAI 1002340161664794240
   7   12  33.625  -   46   45  33.50   4.383       Star        HIP 34834
   4   14  53.332  +   40   29   1.11   4.385       Star GAI 227814278088126848
  15   39  45.979  -   34   24  42.91   4.385       Star        HIP 76705
  17   21  59.478  -   67   46  14.41   4.388       Star        HIP 84969
   1   11  27.219  +   21    2   4.74   4.391       Star         HIP 5571
   0    4  30.119  -   10   30  34.28   4.391       Star          HIP 355
   1   13  44.946  +   24   35   1.31   4.391       Star         HIP 5742
  16   11  38.035  +   23   29  41.29   4.394       Star        HIP 79349
  12   45  38.052  -   60   58  52.76   4.397       Star        HIP 62268
   8   18  33.313  -   36   39  33.44   4.398       Star        HIP 40706
  13   57  38.884  -   63   41  12.11   4.399       Star        HIP 68191
  19   39  22.606  +   30    9  11.96   4.400       Star        HIP 96683
  16    3  12.897  -   49   13  46.91   4.400       Star        HIP 78639
  18   23  39.579  -    8   56   4.15   4.403       Star GAI 4159137001085540480
   7   30  42.602  -   30   57  44.21   4.404       Star        HIP 36514
  14   12   4.010  +   69   25  57.17   4.405       Star        HIP 69373
  11    2  19.776  +   20   10  47.42   4.405       Star        HIP 53954
   9    8  52.257  +   51   36  16.73   4.406       Star        HIP 44901
  17   26  37.882  -    5    5  11.75   4.410       Star        HIP 85365
   7   37  22.130  -   34   58   6.75   4.411       Star GAI 5588312348336552576
  19   54  14.882  +    8   27  41.24   4.412       Star        HIP 97938
  10   34   0.885  -   23   44  42.61   4.413       Star        HIP 51718
  15   25  47.397  +   15   25  40.93   4.413       Star        HIP 75530
  13   49  42.825  +   21   15  50.76   4.415       Star GAI 1250169120491310720
   7   47  30.324  +   33   24  56.51   4.415       Star        HIP 38016
  15   54  37.850  +   43    8  18.83   4.416       Star        HIP 77907
  11   16  39.700  -    3   39   5.77   4.418       Star        HIP 55084
   7    1  56.384  -    5   43  19.43   4.418       Star        HIP 33878
   1   54  56.131  -   67   38  50.29   4.419       Star         HIP 8928
  16    8   7.587  -   26   19  36.05   4.422       Star        HIP 79050
  16   32   8.200  -   21   27  59.05   4.426       Star GAI 6052319827355147264
  16   16  43.278  -   53   48  40.00   4.426       Star        HIP 79754
  10    7  56.284  -    0   22  18.01   4.427       Star        HIP 49641
   6   39  19.827  +   42   29  19.96   4.431       Star        HIP 31832
  21    1  17.468  -   32   15  27.83   4.432       Star GAI 6781898465857257472
  11   11  39.479  -   22   49  33.05   4.434       Star        HIP 54682
  11    9  19.080  +   36   18  33.77   4.434       Star        HIP 54522
   4   52   5.220  +   63   30  19.52   4.434       Star        HIP 22626
  16    8  58.309  +   36   29  27.13   4.434       Star        HIP 79119
  15   41  32.986  +   19   40  12.75   4.434       Star GAI 1210043543152316672
  14    8  17.303  +   49   27  29.40   4.436       Star        HIP 69068
   6   19  37.373  +   59    0  39.53   4.436       Star GAI 1004671160675810816
   5   13  45.456  -   67   11   6.93   4.437       Star        HIP 24372
  12   20  43.026  +   17   47  34.33   4.437       Star        HIP 60202
   6   32  54.228  +    7   19  58.69   4.438       Star        HIP 31216
  17   18  36.990  +   10   51  52.11   4.439       Star        HIP 84671
  11   23  12.688  -   36    9  53.18   4.440       Star GAI 5398838560397608704
  22    8  25.932  -   34    2  37.83   4.440       Star       HIP 109289
  22    6   1.953  +   45    0  51.65   4.442       Star       HIP 109102
  11   44  45.776  -   18   21   2.43   4.444       Star        HIP 57283
   1   25  56.023  +   68    7  48.05   4.444       Star GAI 531667443164972416
   7   35  39.722  -   52   32   1.81   4.444       Star        HIP 36942
   4   57  17.198  +   53   45   7.57   4.449       Star        HIP 23040
  18   25  59.137  +   65   33  48.53   4.450       Star        HIP 90344
   2   21  56.628  +    0   23  44.42   4.453       Star        HIP 11021
   5    4  58.014  -   49   34  40.20   4.454       Star        HIP 23649
   8   11  16.305  -   12   55  37.20   4.458       Star        HIP 40084
  23   59  54.977  -   65   34  37.68   4.459       Star       HIP 118322
  18   46   4.479  +   26   39  43.66   4.460       Star        HIP 92088
  19   26  31.089  +    0   20  18.85   4.461       Star        HIP 95585
   6   43   4.972  +   44   31  28.02   4.462       Star        HIP 32173
   9   23  12.250  -   28   50   1.90   4.463       Star        HIP 46026
   0   36  46.441  +   44   29  18.92   4.463       Star         HIP 2900
  22   45  37.882  -   53   30   0.43   4.464       Star       HIP 112374
  20    1  28.544  +   64   49  15.51   4.465       Star        HIP 98583
  16   40  55.119  +   64   35  20.56   4.466       Star        HIP 81660
  13   27  27.164  -   15   58  24.89   4.466       Star        HIP 65639
  12    4  46.471  -   76   31   8.62   4.467       Star        HIP 58905
  23    3  52.613  +    3   49  12.16   4.471       Star       HIP 113889
  22   27  51.523  +    4   41  44.40   4.471       Star       HIP 110882
  17   16  36.686  -    0   26  43.09   4.471       Star        HIP 84514
  15   17  38.893  -   63   36  37.68   4.472       Star        HIP 74837
  17   56  47.417  -   44   20  31.99   4.473       Star        HIP 87846
  23   42  43.345  -   14   32  41.66   4.474       Star       HIP 116971
  21   42  39.508  -   18   51  58.76   4.476       Star       HIP 107188
   9   16  23.035  -   44   15  56.64   4.477       Star        HIP 45505
   1    9  30.134  +   47   14  30.23   4.477       Star         HIP 5434
  22   30  29.261  +   43    7  24.16   4.477       Star       HIP 111104
   7   13  23.400  +   51   25  43.48   4.478       Star        HIP 34912
  14   19  45.235  +   16   18  25.01   4.480       Star        HIP 70027
   3    5  32.412  +   56   42  20.59   4.481       Star        HIP 14382
  21   42  15.451  +    5   40  48.50   4.482       Star       HIP 107151
   6    7  41.638  -   19    9  57.12   4.482       Star        HIP 29048
  14    9  54.814  -   53   26  20.20   4.483       Star        HIP 69191
  10   38  43.213  +   31   58  34.46   4.486       Star        HIP 52098
  18   54  23.852  +   71   17  49.91   4.490       Star        HIP 92782
  13    0  16.469  +   30   47   6.08   4.490       Star GAI 1464753314462948480
   0   49  48.846  +   41    4  44.08   4.491       Star         HIP 3881
   0   44  11.400  -   10   36  34.38   4.492       Star         HIP 3455
   9   15  45.080  -   37   24  47.32   4.496       Star        HIP 45448
  16   49  50.018  -   10   46  59.03   4.498       Star GAI 4334491925818303488
   9   54  12.317  -   25   55  56.39   4.500       Star GAI 5659110864115634944
  11   17  17.400  +    2    0  38.00   4.500       Star        HIP 55137
   0   18  19.657  +   36   47   6.81   4.502       Star         HIP 1473
  11    0  33.647  +    3   37   2.99   4.502       Star        HIP 53807
  13   56  34.181  +   27   29  31.49   4.504       Star        HIP 68103
  14   17  59.817  +   35   30  34.24   4.506       Star GAI 1480869955902288512
   7   42   3.218  +   14   12  30.62   4.509       Star        HIP 37521
  10   43   4.041  +   69    4  34.37   4.511       Star        HIP 52425
  15   51  13.931  +   35   39  26.57   4.511       Star        HIP 77655
   4   31  52.669  -    0    2  38.44   4.511       Star        HIP 21139
   1   25  37.239  -   14   35  55.63   4.512       Star GAI 2455241320597417856
  16   45  49.892  +    8   34  57.41   4.513       Star        HIP 82073
   5   24  39.141  +   37   23   7.26   4.516       Star        HIP 25292
   0    3  44.388  -   17   20   9.57   4.517       Star          HIP 301
  11   49  56.615  -   70   13  32.84   4.520       Star        HIP 57696
   9   19  46.382  -   11   58  29.47   4.520       Star        HIP 45751
  12   19  48.711  +   48   59   2.93   4.521       Star        HIP 60122
   9   35   3.830  +   39   37  17.37   4.522       Star        HIP 47029
   2   51   2.327  -   21    0  14.44   4.523       Star GAI 5127513656557144576
  17   35  39.591  -   46   30  20.46   4.524       Star        HIP 86092
   5   19   8.475  +   40    5  56.59   4.526       Star        HIP 24813
  18   43  31.251  -    8   16  30.77   4.526       Star        HIP 91845
   5   53  19.646  +   27   36  44.14   4.529       Star        HIP 27830
  18   22  18.573  -   38   39  24.83   4.532       Star        HIP 90037
  13   18  24.314  -   18   18  40.30   4.533       Star        HIP 64924
   5   42  28.632  +    1   28  28.67   4.535       Star        HIP 26885
   2    1  42.376  -   44   42  48.63   4.535       Star         HIP 9459
  12   24   1.494  +   51   33  44.12   4.539       Star        HIP 60485
   5   17  29.089  -   34   53  42.72   4.539       Star GAI 4825655246098033152
  15   29  24.270  -   46   43  57.74   4.540       Star        HIP 75828
   6    3  15.604  -   26   17   4.35   4.543       Star        HIP 28675
  15   40  16.897  -   23   49   5.10   4.545       Star        HIP 76742
  22    9  48.431  +   72   20  28.34   4.546       Star       HIP 109400
   5    5  30.656  -   57   28  21.74   4.550       Star        HIP 23693
  22   43  29.976  -   41   24  51.64   4.550       Star       HIP 112203
   8    6  40.339  -   45   15  57.65   4.551       Star        HIP 39690
  22   15  36.919  -   41   20  48.35   4.552       Star GAI 6569894104123050752
   4   14  23.688  -   10   15  22.62   4.552       Star        HIP 19777
   5   26  50.229  +    3    5  44.42   4.553       Star        HIP 25473
  23   48  55.546  -   28    7  48.98   4.555       Star       HIP 117452
  11    5   1.028  +    7   20   9.62   4.555       Star        HIP 54182
  15    6  37.597  -   16   15  24.55   4.556       Star        HIP 73945
   7   59  44.153  -    3   40  46.51   4.560       Star        HIP 39079
   6   55  37.430  -   20    8  11.39   4.560       Star        HIP 33302
   9   10  55.042  +   63   30  49.22   4.565       Star GAI 1043382731705599360
  13   47  25.391  -   17   51  35.42   4.569       Star        HIP 67288
   6    4   7.204  +   23   15  46.59   4.570       Star GAI 3424609014036545920
  20   44  52.513  +   25   16  14.27   4.570       Star GAI 1843569258170830848
  21   34  46.587  +   38   32   2.64   4.570       Star       HIP 106551
  20    4  19.593  -   32    3  22.67   4.572       Star GAI 6748703694419468288
  16   41  34.384  -   17   44  31.80   4.573       Star        HIP 81724
  19   46  21.740  -   19   45  40.01   4.574       Star        HIP 97290
  16   25  24.955  +   14    1  59.76   4.574       Star GAI 4463697873660957568
   1   22  20.420  +   45   31  43.60   4.574       Star         HIP 6411
   3   50  21.509  +   71   19  56.16   4.575       Star        HIP 17959
   5   49   0.971  +   24   34   2.86   4.576       Star GAI 3428176379509415552
  19   35  12.986  -   48    5  57.12   4.578       Star        HIP 96341
  14   41  38.751  +    8    9  42.35   4.579       Star        HIP 71832
   8   34  43.597  -   49   56  39.13   4.579       Star        HIP 42088
  19   36  42.433  -   24   53   1.04   4.579       Star        HIP 96465
   5   11  41.564  +   16    2  44.43   4.580       Star        HIP 24197
  10   32  11.773  +   14    8  14.17   4.580       Star        HIP 51585
   9   43  43.907  +   14    1  18.13   4.581       Star        HIP 47723
   1   42  43.512  -    3   41  24.72   4.583       Star         HIP 7999
   5    3   5.747  +   21   35  23.86   4.583       Star        HIP 23497
  19   20  40.091  +   65   42  52.31   4.584       Star        HIP 95081
   3   59  55.484  -   24    0  58.38   4.585       Star        HIP 18673
   7   26  42.852  +   49   12  41.50   4.587       Star        HIP 36145
   5   32  43.674  +   32   11  31.28   4.589       Star        HIP 25984
   7   59  52.048  -   18   23  57.18   4.592       Star GAI 5714859436545926016
  16   22   5.824  +   30   53  31.19   4.593       Star        HIP 80181
   2   32   5.188  -   15   14  41.65   4.595       Star GAI 5145955421492456960
   9   31  57.577  +    9   42  56.76   4.596       Star        HIP 46774
  10   35   5.490  +   75   42  46.45   4.597       Star        HIP 51808
  16   45  22.518  +   15   44  43.01   4.599       Star        HIP 82028
   9    5  38.375  -   70   32  18.59   4.599       Star        HIP 44626
  11   34  45.656  -   54   15  50.74   4.599       Star        HIP 56480
   4   20  21.216  +   27   21   2.71   4.599       Star        HIP 20250
  12   20  20.981  +    3   18  45.26   4.600       Star        HIP 60172
   9   44  12.032  -   27   46   9.55   4.604       Star GAI 5657043095061410944
   6   50  45.943  +   41   46  52.43   4.604       Star        HIP 32844
  18   20  52.064  +    3   22  37.79   4.604       Star        HIP 89918
  18   32  34.523  +   57    2  44.15   4.604       Star        HIP 90905
  23   41  45.806  -   17   48  59.52   4.605       Star       HIP 116901
  12   39  52.529  -   39   59  14.29   4.608       Star        HIP 61789
  12    0  52.392  +    6   36  51.55   4.608       Star GAI 3898344284739988480
   8    3  31.100  +   27   47  39.66   4.611       Star GAI 875981845857570304
   2   39  33.979  -   11   52  23.57   4.616       Star GAI 5171076479048181760
   3   29  22.677  -   62   56  15.10   4.618       Star        HIP 16245
   0   48  35.417  -   74   55  24.37   4.623       Star         HIP 3781
   8   39  42.474  -   29   33  39.90   4.624       Star        HIP 42483
  20    1   6.049  +   27   45  12.86   4.627       Star        HIP 98543
   5   34  44.782  -   73   44  28.60   4.629       Star        HIP 26169
   7   10  13.682  -    4   14  13.58   4.632       Star        HIP 34622
  19   50  37.724  +   52   59  16.79   4.632       Star        HIP 97635
  20   49  58.081  -   33   46  46.93   4.634       Star GAI 6780065098938242304
   8   43  17.147  +   21   28   6.60   4.634       Star        HIP 42806
   9    5  58.370  +    5    5  32.37   4.635       Star        HIP 44659
   6    6   9.324  -   14   56   6.92   4.636       Star        HIP 28910
   2   35  52.474  +    5   35  35.66   4.640       Star GAI 18118925129052544
   8   31  35.730  +   18    5  39.91   4.641       Star        HIP 41822
   2    4  29.446  -   29   17  48.50   4.641       Star         HIP 9677
  14   51   1.072  -    2   17  56.94   4.641       Star        HIP 72631
  21   37  45.110  -    7   51  15.13   4.641       Star       HIP 106786
  18   29  11.851  -   14   33  56.89   4.642       Star        HIP 90595
  21   42   5.661  +   51   11  22.66   4.642       Star GAI 1980828991263480448
  14   28  12.139  -    2   13  40.65   4.645       Star        HIP 70755
  17   36  57.094  +   68   45  28.68   4.646       Star        HIP 86201
  23   20  20.583  +    5   22  52.71   4.648       Star       HIP 115227
   9   41  17.007  -   23   35  29.45   4.648       Star        HIP 47522
  10   38  34.948  -   16   52  35.63   4.649       Star GAI 3747804993819674880
  10   25  54.815  +   33   47  46.03   4.649       Star        HIP 51056
  13   34  27.260  +   49    0  57.50   4.651       Star        HIP 66234
  19   15  32.434  -   25   15  24.07   4.651       Star GAI 6770084041623596032
  10   53  58.741  +   43   11  23.85   4.652       Star        HIP 53295
  13    9   3.266  -   23    7   4.96   4.653       Star        HIP 64166
  13   17  32.541  +   40   34  21.38   4.653       Star        HIP 64844
  19   13  55.115  +   57   42  18.29   4.655       Star GAI 2143019566369485440
  12   16  30.134  +   33    3  41.43   4.655       Star GAI 4016525498208900096
  13    9  58.804  +   17   31  48.28   4.656       Star GAI 3937881211045638400
   3   19  21.696  +    3   22  12.71   4.656       Star        HIP 15457
  10   19  44.167  +   19   28  15.29   4.657       Star        HIP 50564
  18   58  36.448  -   60   12   1.97   4.657       Star        HIP 93163
  11   36  40.909  -    9   48   8.00   4.658       Star        HIP 56633
  17    9  33.247  +   40   46  37.34   4.660       Star GAI 1353924329087324800
  23   58  40.371  -    3   33  21.49   4.661       Star GAI 2448049586839781376
  14   10  23.933  +   25    5  30.04   4.662       Star        HIP 69226
  10   16  40.738  +   13   43  42.00   4.662       Star        HIP 50333
  13   12   3.184  -   37   48  10.88   4.662       Star        HIP 64408
  12   55  19.432  -   42   54  56.64   4.663       Star        HIP 63066
   2   59  42.893  +    8   54  26.59   4.664       Star        HIP 13954
  11   40  12.790  -   34   44  40.77   4.668       Star        HIP 56922
  13   26  43.167  -   12   42  27.59   4.670       Star        HIP 65581
  18   11  43.333  -   23   42   4.43   4.671       Star        HIP 89153
   5    0  20.722  +   81   11  38.73   4.672       Star        HIP 23265
   7   15  39.429  +    7   58  39.88   4.674       Star        HIP 35120
  16    6  29.452  -   45   10  23.81   4.677       Star GAI 5991049095268550016
  12   16  20.538  +   23   56  43.47   4.678       Star        HIP 59847
  16   51  45.262  +   24   39  23.16   4.679       Star        HIP 82504
  10   53  34.452  +   54   35   6.46   4.679       Star        HIP 53261
  23   10   9.735  -   40   35  29.57   4.680       Star       HIP 114407
   4   20  24.638  +   34   34   0.21   4.681       Star        HIP 20252
  11   47  19.141  -   57   41  47.40   4.683       Star GAI 5342184780701824256
   8   11  25.893  -   42   59  14.20   4.684       Star        HIP 40096
   2   39  47.975  -   42   53  30.52   4.685       Star GAI 4946915263923114368
  21   17  56.286  -   32   10  21.17   4.688       Star GAI 6784024126773616128
   9   37  12.679  +    6   50   8.96   4.694       Star GAI 3854247614992959872
  11   19   7.886  +   38   11   8.14   4.695       Star GAI 764027677836546560
  12   38  22.406  +    1   51  16.78   4.699       Star        HIP 61658
   4   59  55.737  -   12   32  14.70   4.701       Star        HIP 23231
  11   46  31.073  -   40   30   1.29   4.702       Star        HIP 57443
   3   22  45.241  +   20   44  31.44   4.702       Star GAI 61033001402831872
   5   19  16.606  +   22    5  47.42   4.702       Star        HIP 24822
   3   30  37.058  -    5    4  30.53   4.706       Star        HIP 16341
   9   21  50.987  -   42   11  41.50   4.706       Star        HIP 45924
   8   13  19.967  -   15   47  17.61   4.706       Star        HIP 40259
  19   20  32.906  -    5   24  56.76   4.707       Star        HIP 95066
  17   59  47.556  -   23   48  58.01   4.713       Star GAI 4069112871640783360
   7   10  47.483  -   48   55  55.55   4.714       Star        HIP 34670
   5    2   9.822  -   26   16  30.10   4.717       Star        HIP 23430
  22   37  45.381  -    4   13  41.00   4.718       Star       HIP 111710
  21   43   6.471  +   41    9  17.90   4.720       Star       HIP 107235
   5   41  17.718  +   16   32   2.97   4.721       Star GAI 3396380255582857728
  16   45  17.861  +   56   46  54.84   4.722       Star GAI 1430517198137007872
   2   36   0.048  -    7   49  53.75   4.723       Star        HIP 12107
  11   22  49.578  +   43   28  57.71   4.726       Star        HIP 55560
   1   19  27.994  +   27   15  50.61   4.726       Star         HIP 6193
   3    6   7.841  +   79   25   6.73   4.726       Star        HIP 14417
  17   43  25.794  -   21   40  59.50   4.731       Star        HIP 86736
  13   25   7.119  -   74   53  16.15   4.731       Star        HIP 65468
   5    7  27.006  +   18   38  42.18   4.732       Star        HIP 23835
  15   59  30.267  -   41   44  39.98   4.733       Star        HIP 78323
   0   28  26.521  -   39   54  54.00   4.734       Star         HIP 2240
  19   16  13.039  +   21   23  25.54   4.734       Star        HIP 94703
   5    1  26.346  -    7   10  26.27   4.736       Star        HIP 23364
  12   51  41.920  +   27   32  26.57   4.736       Star        HIP 62763
  15   58  11.368  -   14   16  45.68   4.742       Star        HIP 78207
  18    7  28.744  +   43   27  42.80   4.743       Star GAI 2114103235192312576
   8   13  34.247  -   50   11  45.87   4.746       Star        HIP 40282
   4   39  54.681  +   53    4  46.33   4.751       Star        HIP 21727
   2    8  29.261  +   37   51  32.71   4.753       Star GAI 332221252264204544
   0   31  24.981  -   48   48  12.65   4.756       Star         HIP 2472
  17   49  10.477  -   31   42  11.54   4.756       Star        HIP 87220
   6   18  50.778  +   69   19  11.33   4.756       Star GAI 1106980167887313664
   0   56   1.490  -   11   15  59.49   4.757       Star         HIP 4371
   7   49  41.201  -   17   13  42.27   4.761       Star        HIP 38211
  10   41  56.595  +   65   42  58.61   4.763       Star GAI 1059521225937701632
  16   13  50.906  -   11   50  15.89   4.763       Star        HIP 79540
   0   11  15.858  -   15   28   4.72   4.764       Star          HIP 910
   0    1  20.119  -   50   20  14.53   4.766       Star          HIP 107
   7    2  25.534  +   17   45  19.87   4.767       Star        HIP 33929
  11    5  19.903  -   27   17  37.05   4.768       Star GAI 3532314252513733888
  17   48  49.146  +   25   37  22.33   4.769       Star        HIP 87194
  22   21  19.339  +   28   19  49.91   4.769       Star       HIP 110371
  12   25  50.939  +   39    1   7.02   4.769       Star        HIP 60646
   4   50  11.616  -   16   13   1.78   4.770       Star        HIP 22479
   7   39   9.935  +   34   35   3.50   4.771       Star        HIP 37265
   1   39  20.989  +   44   23  10.23   4.772       Star         HIP 7719
  19   35   7.258  -   10   33  37.59   4.772       Star        HIP 96327
   0   42   3.892  +   50   30  45.12   4.776       Star GAI 414844573229875712
   6   31  23.046  -   12   23  31.11   4.777       Star GAI 3000111317134691712
   1   45  59.260  -    5   43  59.88   4.780       Star         HIP 8230
   7   23  28.511  +   25    3   1.91   4.781       Star        HIP 35846
  13   34  47.809  +   37   10  56.69   4.781       Star        HIP 66257
  15   24  11.884  -   10   19  20.20   4.783       Star GAI 6316197051735920896
   7    8  51.068  -   39   39  20.36   4.783       Star        HIP 34495
   8    0  19.966  -   63   34   2.84   4.783       Star        HIP 39138
  12   47  34.343  +   66   47  25.10   4.784       Star        HIP 62423
  11   52  54.461  -   33   54  29.15   4.785       Star        HIP 57936
  18   52  27.230  -   46   35  42.43   4.791       Star        HIP 92630
   8    8  27.451  +   51   30  23.99   4.792       Star        HIP 39847
  16    2  17.691  +   22   48  16.03   4.794       Star        HIP 78554
   7   22   2.618  +   36   45  38.10   4.795       Star        HIP 35710
  23   58  55.779  -   52   44  44.90   4.796       Star       HIP 118234
  21    0  27.688  +   19   19  46.49   4.796       Star       HIP 103675
  15   55  29.600  -   68   36  10.80   4.796       Star        HIP 77982
  20   58  16.351  +   22   19  33.27   4.800       Star       HIP 103511
  20   38  31.339  +   21   12   4.19   4.802       Star GAI 1817664729867336704
   9   31  36.271  -   73    4  51.29   4.805       Star GAI 5217948109989914624
  17   53  18.027  +   40    0  28.66   4.805       Star        HIP 87563
  19   18  32.496  +    1    5   6.46   4.807       Star        HIP 94885
  23    7  39.267  +   46   23  14.03   4.810       Star       HIP 114200
  22   21  35.568  -   21   35  53.63   4.811       Star       HIP 110391
   3   11  56.269  +   74   23  37.17   4.813       Star        HIP 14862
  18   44  19.360  -   35   38  31.16   4.815       Star        HIP 91918
   7   26  21.850  -   51    1   6.53   4.815       Star        HIP 36114
  17   11  38.686  -   48   52  24.20   4.816       Star        HIP 84105
  21    5  14.249  -   54   43  37.35   4.817       Star       HIP 104085
  21   39  33.267  +    2   14  36.82   4.817       Star       HIP 106944
  18   58  27.769  -   52   56  19.06   4.820       Star        HIP 93148
  10   34  48.014  +    6   57  13.50   4.821       Star        HIP 51775
   9   36  42.853  +   31    9  42.33   4.824       Star        HIP 47168
  13    7  53.813  -   10   44  25.47   4.824       Star        HIP 64078
  20   19  23.604  -   19    7   6.69   4.824       Star       HIP 100195
  22   39  15.678  +   39    3   0.97   4.825       Star       HIP 111841
  21    4  24.297  -   19   51  18.33   4.829       Star GAI 6833190855089866112
  16   30  49.360  -   61   38   0.62   4.833       Star        HIP 80874
  14   55  34.560  -   60    6  51.00   4.833       Star        HIP 73036
  16   49  14.217  +   45   58  59.95   4.833       Star GAI 1407474737248225920
  14   18  13.896  -   81    0  27.93   4.835       Star        HIP 69896
  21   15  37.900  -   20   39   6.10   4.839       Star       HIP 104963
  17   20  21.121  +   46   14  26.80   4.841       Star        HIP 84835
  18   20   8.791  -   15   49  54.11   4.844       Star        HIP 89851
  12   50  41.163  -   33   59  57.65   4.844       Star GAI 6159242247907348608
   5   31  52.853  -   76   20  27.25   4.847       Star GAI 4648162939452971008
  14   57  52.984  -   76   39  45.56   4.848       Star        HIP 73223
  12   20  55.712  -   13   33  56.62   4.850       Star        HIP 60221
  20   33  55.073  -   44   30  57.76   4.850       Star       HIP 101477
  12   41  53.057  +   10   14   8.25   4.850       Star        HIP 61960
   2   25  57.006  -   12   17  25.71   4.851       Star        HIP 11345
   4    4  27.163  +   59    9  19.83   4.854       Star        HIP 19018
  13   16  53.132  -   31   30  22.32   4.854       Star        HIP 64803
  16   55  22.168  +   18   25  59.56   4.854       Star        HIP 82802
  14   28  41.722  -    6   54   1.90   4.854       Star GAI 6331342480810659840
  22   44   5.479  +   41   49   9.25   4.855       Star       HIP 112242
  23   52   6.473  -   82    1   7.76   4.856       Star       HIP 117689
  18   22  49.040  +   17   49  35.82   4.856       Star        HIP 90067
  14   19  32.480  -    2   15  55.86   4.857       Star        HIP 70012
   5   49  32.930  +   12   39   4.76   4.858       Star        HIP 27511
  13   54  42.145  -    1   30  11.24   4.861       Star        HIP 67929
   2    3  54.758  +   42   19  51.28   4.863       Star GAI 346231302441905920
   7   24   8.468  +   40   40  20.60   4.864       Star        HIP 35907
   2   31  30.095  +    2   16   1.86   4.865       Star        HIP 11738
  18   59  45.484  +   26   13  49.46   4.865       Star        HIP 93256
  10   59  27.973  +   40   25  48.92   4.867       Star        HIP 53721
  20   55  36.689  +   13   43  17.53   4.867       Star       HIP 103294
  19   25  28.603  +   19   47  54.07   4.868       Star        HIP 95498
   5    1  25.581  -   20    3   6.91   4.871       Star        HIP 23362
  21   19  22.221  +   64   52  18.69   4.872       Star       HIP 105268
   6   57  37.107  +   45    5  38.74   4.873       Star        HIP 33485
   6   37  47.618  -   32   20  23.04   4.874       Star        HIP 31688
   5   26  19.266  -   58   54  45.06   4.874       Star        HIP 25429
   8    0  11.738  +   73   55   4.50   4.876       Star        HIP 39117
  11   32  48.082  -   40   26  10.30   4.876       Star        HIP 56319
   6   29  28.498  -   56   51   9.96   4.879       Star        HIP 30932
   6   27  13.761  +    0   17  57.28   4.879       Star        HIP 30717
  18   35   2.393  -   10   58  37.94   4.880       Star        HIP 91105
  20   16  23.611  -   36   27  12.87   4.881       Star        HIP 99920
  18   54  47.141  -   87   36  21.04   4.885       Star        HIP 92824
  19   25  16.491  -   24   30  30.84   4.885       Star GAI 6769709554832595456
   8   51  56.831  +   43   43  35.77   4.885       Star        HIP 43531
   5   54  52.483  -   39   57  28.29   4.887       Star GAI 2883439630045405312
   8   25  54.767  +    7   33  52.21   4.887       Star        HIP 41325
   4   55  11.202  -   74   56  12.67   4.887       Star        HIP 22871
  22   55  13.669  +    8   48  58.25   4.888       Star       HIP 113186
  11   46  55.622  +   55   37  41.48   4.888       Star        HIP 57477
   9   42  57.189  +   72   15   9.42   4.889       Star GAI 1120033123252071168
  13   34   7.931  +    3   39  32.29   4.890       Star        HIP 66200
  20   15  30.239  +   23   30  32.05   4.891       Star        HIP 99853
  13   36  59.082  +   24   36  47.87   4.893       Star        HIP 66417
   9   16  41.739  -    6   21  11.32   4.894       Star GAI 5746003103393673728
  17   49  27.032  +   76   57  46.37   4.895       Star        HIP 87234
  23   51  21.250  +    9   18  48.08   4.896       Star       HIP 117628
   7   15  54.904  +   59   38  14.88   4.896       Star        HIP 35146
   9    9  21.541  +   22    2  43.58   4.896       Star GAI 685307356868426240
  13   12   3.543  -   16   11  54.97   4.896       Star        HIP 64407
  13   17  15.628  +   13   40  32.71   4.897       Star        HIP 64823
  21   13  17.327  -   27   37   9.71   4.900       Star GAI 6790606529228148352
   6   10  14.473  -   74   45  10.96   4.900       Star        HIP 29271
   6   44  45.460  +   28   58  15.38   4.904       Star        HIP 32311
   0   10  19.247  +   46    4  20.18   4.909       Star          HIP 841
   7   22  13.529  -   19    0  59.76   4.912       Star        HIP 35727
  16   54  35.694  -    6    9  14.33   4.914       Star        HIP 82730
   7   43   0.416  +   58   42  37.29   4.914       Star        HIP 37609
   6   47  39.576  +   48   47  22.14   4.914       Star        HIP 32562
  23   26  55.956  +    1   15  20.18   4.916       Star       HIP 115738
   6   16  26.619  +   12   16  19.79   4.916       Star        HIP 29800
   9   48  35.371  +   46    1  15.63   4.917       Star        HIP 48113
  17    3  30.215  +   35   24  50.62   4.917       Star        HIP 83462
   2    3  40.489  -    4    6  12.65   4.919       Star         HIP 9622
   0   21  31.198  -   28   58  53.29   4.920       Star         HIP 1708
  14   56  46.115  -   11   24  34.92   4.920       Star GAI 6313390513946128256
  15   19  18.797  +    1   45  55.47   4.922       Star        HIP 74975
   6   12  51.063  +   65   43   6.32   4.922       Star        HIP 29490
  23   31  17.413  +   39   14  10.31   4.922       Star       HIP 116076
   3   12  46.437  -    1   11  45.96   4.922       Star        HIP 14954
  20   14  16.619  +   15   11  51.39   4.924       Star        HIP 99742
  11   15  51.880  +   13   18  27.23   4.926       Star GAI 3965092440205592064
  16   27  59.015  +   68   46   5.29   4.926       Star        HIP 80650
  15   50  17.547  +    2   11  47.43   4.926       Star        HIP 77578
   2   38   2.033  +   72   49   5.71   4.926       Star        HIP 12273
   0   13  19.622  -   84   59  38.32   4.928       Star         HIP 1074
  23   59  27.896  -   29   29   6.60   4.928       Star       HIP 118277
  16   13  15.429  +    5    1  15.93   4.929       Star        HIP 79488
   7   53  29.808  +   26   45  56.81   4.929       Star GAI 874187752120273664
  10   22  58.147  -   66   54   5.39   4.930       Star        HIP 50847
   3   21  26.559  +   43   19  46.74   4.930       Star        HIP 15648
  22   51   2.159  -   39    9  24.61   4.930       Star       HIP 112832
   9   15  13.852  +   14   56  29.43   4.931       Star        HIP 45410
  11   42  28.362  +   66   44  41.66   4.931       Star        HIP 57111
  19   24   7.578  +   29   37  16.81   4.932       Star GAI 2038567370506134528
   7    2  24.780  +   24   12  55.61   4.934       Star        HIP 33927
  12   16   7.549  +   40   39  36.64   4.934       Star        HIP 59831
  13   32  58.072  -   10    9  54.00   4.935       Star        HIP 66098
  10   25  44.271  -    7    3  35.38   4.935       Star        HIP 51046
  20   53  40.185  -   39   48  35.51   4.936       Star       HIP 103127
   1   56   0.028  +   68   41   6.86   4.939       Star         HIP 9009
   2   58  47.796  -   64    4  16.63   4.940       Star        HIP 13884
  13   51  47.434  -   69   24   4.53   4.940       Star        HIP 67664
   7   54  42.698  +   47   33  52.54   4.942       Star        HIP 38639
   6   33  49.480  -   36   13  55.30   4.942       Star        HIP 31299
  17   44   8.703  -   51   50   2.59   4.943       Star        HIP 86796
  15   26  17.384  +   34   20   9.58   4.943       Star        HIP 75572
   3   42  14.903  -   31   56  18.10   4.943       Star        HIP 17304
   7   52   7.190  +    3   16  38.44   4.944       Star        HIP 38406
  14   28  10.427  -   29   29  29.90   4.945       Star        HIP 70753
   0   20  35.862  +    8   11  24.98   4.945       Star         HIP 1645
  13   11  23.216  -   43   22   6.80   4.947       Star        HIP 64348
   1   57  43.744  +   27   48  15.76   4.951       Star         HIP 9132
   1   16  11.902  +   71   44  37.83   4.952       Star         HIP 5926
  21   25  16.958  -    3   33  24.29   4.953       Star       HIP 105767
  19   34  34.897  +   19   46  24.24   4.953       Star        HIP 96275
  16    1  26.565  +   29   51   3.82   4.954       Star        HIP 78493
  19   13  15.522  -   12   16  57.29   4.955       Star        HIP 94437
   5   22  33.531  +   79   13  52.14   4.956       Star        HIP 25110
   6   12  20.125  +   32   41  36.17   4.959       Star        HIP 29451
   1   42   8.629  -   32   19  37.16   4.959       Star GAI 5021530047130652800
   8   32  42.496  +   20   26  28.18   4.959       Star        HIP 41909
   6   23  55.914  -   25   34  39.47   4.960       Star GAI 2900212714288651776
  14   47   1.294  -   52   23   0.66   4.961       Star        HIP 72290
  15   42  38.317  -   37   25  29.78   4.961       Star        HIP 76939
  22   29   7.983  +    9    7  44.53   4.962       Star       HIP 110986
   2    2  18.108  +   54   29  15.15   4.963       Star         HIP 9505
  23   20  49.558  +   30   24  53.73   4.964       Star       HIP 115271
  21    4  43.063  -   77    1  25.57   4.964       Star       HIP 104043
  19   42  31.133  -   16    7  26.39   4.966       Star        HIP 96950
   6   15  44.886  -   13   43   6.29   4.967       Star        HIP 29735
   8   55  39.680  +   27   55  38.94   4.969       Star        HIP 43834
   2    5  31.550  +   76    6  54.22   4.970       Star         HIP 9763
   8    6  18.396  +   22   38   7.76   4.970       Star        HIP 39659
   8   22  54.095  -    7   32  35.24   4.973       Star        HIP 41080
  15   15  11.357  +    4   56  21.68   4.973       Star        HIP 74649
  21   41  32.859  -   14    2  51.40   4.974       Star       HIP 107095
  22   35  46.134  +   73   38  35.47   4.975       Star       HIP 111532
  15   53  20.054  -   20   10   1.47   4.976       Star GAI 6246914247094934272
  21   32   5.876  -   41   10  45.52   4.976       Star       HIP 106327
  12   29  57.890  -   41   44   9.23   4.978       Star GAI 6146513992067233408
  10   20  16.716  -   47   41  56.73   4.979       Star        HIP 50609
   6   22  38.276  -   69   59   2.56   4.979       Star        HIP 30321
  19   57  57.029  -   15   29  29.29   4.982       Star GAI 6878130330567510144
  15    6  16.717  +   54   33  22.74   4.984       Star        HIP 73909
  21    4  34.652  +    5   30  10.31   4.984       Star       HIP 104031
   9   57  41.054  +   41    3  20.27   4.984       Star        HIP 48833
  21   42   0.697  -   23   15  46.29   4.985       Star       HIP 107128
   0   11  34.421  -   27   47  58.99   4.986       Star          HIP 930
  18   47  44.618  -   40   24  22.20   4.987       Star        HIP 92226
   8   20   3.861  +   27   13   3.74   4.989       Star        HIP 40843
   7   15  57.167  +   27   53  50.72   4.990       Star        HIP 35152
  16   59  57.707  -   25    5  31.92   4.992       Star        HIP 83176
  18   45  46.767  +   74    5   7.98   4.996       Star        HIP 92056
   9   53  42.924  +    5   57  30.87   4.997       Star        HIP 48519
   8   59  32.655  +   32   25   6.81   4.999       Star        HIP 44154
   1   42  29.763  +   20   16   6.65   5.000       Star         HIP 7981
   6   18  50.583  -    9   23  24.07   5.001       Star        HIP 29996
  11   40  47.067  +   21   21   9.82   5.002       Star        HIP 56975
  17   36  37.654  +   48   35   8.28   5.005       Star        HIP 86182
  21   21   4.826  +    7   21  16.22   5.005       Star       HIP 105413
   2   31  40.523  -   79    6  33.90   5.006       Star GAI 4632595744587030528
  18   42  37.960  +   55   32  22.01   5.007       Star        HIP 91755
  18   54  43.114  -   15   36  10.93   5.008       Star        HIP 92814
   2    6  33.948  +   22   38  53.38   5.008       Star         HIP 9836
   7   14  20.063  +    3    6  41.10   5.009       Star        HIP 34987
  15   14  38.339  +   67   20  48.20   5.009       Star        HIP 74605
   5   25   1.744  -   10   19  43.99   5.011       Star        HIP 25329
   1   53  17.344  +   40   43  47.25   5.011       Star         HIP 8814
   6   49  54.616  -   46   36  52.42   5.011       Star        HIP 32765
  13   29  25.254  -   51    9  54.47   5.012       Star        HIP 65810
  19   22  51.206  -   54   25  26.15   5.012       Star        HIP 95261
   1    8   0.853  +   43   56  31.53   5.012       Star GAI 376644584339526656
   2    2  35.077  +   13   28  36.20   5.012       Star         HIP 9533
  17   49   4.272  +   50   46  51.85   5.013       Star GAI 1367510272719203968
  22   42  22.087  -   29   21  39.77   5.013       Star       HIP 112102
   7   37  16.691  -    4    6  39.53   5.014       Star        HIP 37088
   5   36  35.218  +   54   25  43.17   5.015       Star        HIP 26344
   7   46   2.191  -    6   46  21.05   5.017       Star        HIP 37901
   2   22  32.590  -   23   49   0.48   5.018       Star GAI 5119953517683718400
  14   51  26.436  +   59   17  38.35   5.018       Star        HIP 72664
  20   41  23.658  -   31   35  53.83   5.018       Star       HIP 102092
   4   19  16.696  -   44   16   4.50   5.018       Star        HIP 20161
   9   14  20.542  +   61   25  23.94   5.021       Star        HIP 45333
   3    3  36.819  -   59   44  15.99   5.022       Star        HIP 14240
   1   46   6.263  -   53   31  19.33   5.023       Star         HIP 8241
  22   16  48.046  -   12   49  53.16   5.023       Star       HIP 110000
   9   46  10.043  +    6   42  30.80   5.024       Star        HIP 47943
  10    7   9.499  -   17    8  30.24   5.025       Star        HIP 49569
  12   44   0.531  -   28   19  26.25   5.026       Star        HIP 62131
  12   29  54.199  -   56   31  29.78   5.026       Star GAI 6071903503843457792
  20   47  33.455  +   80   33   8.14   5.027       Star       HIP 102599
   4   30  50.100  -   44   57  13.50   5.027       Star        HIP 21060
  13   14  31.283  +   11   19  53.96   5.027       Star        HIP 64607
   9   40  18.363  -   14   19  56.24   5.028       Star        HIP 47452
   4   26   6.311  +   31   26  20.07   5.031       Star GAI 171503786502766592
   4   42  46.424  -   50   28  52.81   5.031       Star        HIP 21914
  23   47  54.771  +   67   48  24.51   5.032       Star       HIP 117371
   9   25  24.035  -    5    7   2.62   5.032       Star        HIP 46221
   5   14  44.049  +    5    9  22.13   5.033       Star        HIP 24450
  12    3  39.572  -   42   26   2.61   5.033       Star        HIP 58803
   4   51  22.464  +   18   50  23.49   5.034       Star        HIP 22565
   0   35  15.325  -    3   35  34.51   5.035       Star GAI 2528433919872925312
   2   13   3.304  +   15   16  47.51   5.035       Star        HIP 10328
   1   35  58.970  -   15   24   0.66   5.036       Star         HIP 7450
  10   30  17.480  -    0   38  13.31   5.036       Star        HIP 51437
  15   28  15.408  -   16   42  59.35   5.036       Star        HIP 75730
   5    2  42.998  -   71   18  51.48   5.039       Star        HIP 23467
   5   15  24.372  -   26   56  36.63   5.041       Star        HIP 24505
  23    3  29.815  -   34   44  57.90   5.042       Star GAI 6554537293934842496
  23   40  38.149  -   32    4  23.25   5.042       Star       HIP 116820
  20   23  10.693  +    5   20  34.73   5.042       Star       HIP 100541
  22   10  37.432  +   11   37  28.34   5.044       Star       HIP 109471
   5   46  27.372  -   46   35  49.86   5.046       Star        HIP 27243
   4   20  40.326  +   65    8  25.59   5.050       Star        HIP 20266
   7   29  18.668  -    1   54  19.17   5.050       Star        HIP 36388
   2   13  36.343  +   51    3  56.81   5.050       Star GAI 358813838633178368
  20    5  32.878  +   61   59  43.51   5.051       Star        HIP 98962
  16   50  38.958  +   29   48  23.54   5.051       Star        HIP 82422
  11   13  14.685  -   44   22  19.99   5.053       Star        HIP 54811
   3   48  16.267  +   11    8  35.88   5.054       Star        HIP 17771
  10   43  24.957  +   23   11  18.25   5.054       Star        HIP 52457
   3   44  56.497  -    0   17  48.19   5.056       Star        HIP 17506
  22   24  36.885  -   72   15  19.49   5.058       Star       HIP 110618
  19   54   8.277  -    8   34  27.16   5.061       Star        HIP 97928
  19   15  24.859  +   30   31  34.98   5.062       Star        HIP 94630
  14   59  23.116  +    4   34   3.94   5.062       Star        HIP 73350
   0   41   7.185  +   39   27  31.19   5.062       Star         HIP 3231
  12   12  11.945  +   77   36  58.47   5.062       Star        HIP 59504
  18   21   1.020  +   28   52  11.82   5.064       Star        HIP 89935
  14   14  50.849  +   10    6   2.20   5.066       Star GAI 1225013187800860416
  11   17  19.044  -   67   49  24.66   5.067       Star        HIP 55140
   0   52  40.625  -   24    0  21.04   5.067       Star         HIP 4104
  17   34  59.625  +   61   52  28.24   5.069       Star GAI 1439121018358632832
  16   46  39.992  -   67    6  34.89   5.070       Star        HIP 82129
   8   12  48.788  +   68   28  26.66   5.072       Star        HIP 40215
  21   58  43.794  -   21   10  58.56   5.072       Star       HIP 108494
   6   14  50.876  +   19    9  23.21   5.073       Star        HIP 29650
  12   16   0.187  +   14   53  56.64   5.073       Star        HIP 59819
  14   34  39.621  +   49   22   6.07   5.075       Star        HIP 71280
  23   24  13.261  -   51   53  28.22   5.075       Star       HIP 115537
   8   41   1.070  +   45   50   2.42   5.077       Star        HIP 42604
   1    3   2.537  -    4   50  11.76   5.079       Star         HIP 4914
   8   52  48.017  -   38   43  26.72   5.079       Star        HIP 43603
  13   26   8.066  +   72   23  29.31   5.082       Star        HIP 65536
   0   32  35.485  +   20   17  39.54   5.084       Star         HIP 2568
  18   24  13.786  +   39   30  26.06   5.086       Star        HIP 90191
   2   50  40.407  -   35   40  33.06   5.086       Star        HIP 13265
   6   53  42.248  +   68   53  17.92   5.086       Star        HIP 33104
  14   24  48.625  -   24   48  22.72   5.087       Star        HIP 70469
  15   16  23.011  -   22   23  57.89   5.090       Star        HIP 74732
  18   43  46.942  -   38   19  24.39   5.090       Star        HIP 91875
  13   23  53.930  +   37    2   2.12   5.090       Star        HIP 65376
  23   28   3.786  -   87   28  55.97   5.090       Star       HIP 115836
  18   19   9.537  +    7   15  35.16   5.093       Star        HIP 89772
   2   32   9.422  -    1    2   5.62   5.093       Star        HIP 11791
  22   34  41.636  -   20   42  29.58   5.095       Star       HIP 111449
   8   30  28.611  -   32    9  33.42   5.095       Star        HIP 41723
   2   40  39.613  -   54   32  59.68   5.096       Star        HIP 12484
   1   54  22.032  -   42   29  48.94   5.096       Star GAI 4957620109130881664
  12    4  57.215  -   60   58   5.71   5.097       Star        HIP 58921
  11   39  50.334  -   16   37  12.82   5.097       Star        HIP 56899
   5   32  51.413  -   38   30  48.13   5.097       Star        HIP 25993
  15   28  38.237  +    1   50  31.49   5.100       Star        HIP 75761
  16   15  15.318  -   47   22  19.27   5.103       Star        HIP 79653
  22   45  40.785  -   46   32  50.37   5.104       Star GAI 6516521095290516224
  20   38  18.606  -   81   17  20.63   5.105       Star       HIP 101843
  23    1  19.385  -   28   51  14.26   5.105       Star       HIP 113669
  18   31  26.298  -   18   24   9.71   5.105       Star        HIP 90806
   1   29  36.136  -   21   37  45.61   5.108       Star         HIP 6960
   4    4  21.669  +   24    6  21.66   5.108       Star        HIP 19009
  19   50  14.060  -   47   33  26.60   5.108       Star        HIP 97598
  22   26   0.823  +   70   46  15.25   5.110       Star       HIP 110725
  11   41   3.016  +   34   12   5.88   5.111       Star        HIP 56997
  10   53  29.532  -   20    8  19.43   5.112       Star        HIP 53252
   2   28   1.703  -   33   48  39.74   5.112       Star        HIP 11477
  19    8  59.915  +    6    4  23.58   5.112       Star GAI 4305679773377634944
   4   57  22.345  +   17    9  13.20   5.112       Star GAI 3405724386430743680
   0   57  50.152  +   28   59  31.97   5.112       Star GAI 311018205609523584
   7   29  22.108  -   10   19  36.00   5.113       Star        HIP 36396
   0   39  55.572  +   21   26  18.59   5.114       Star         HIP 3138
   9   46  23.327  +   11   48  36.16   5.116       Star        HIP 47959
  17   40  11.942  -    2    9   8.27   5.117       Star        HIP 86476
   8   45  55.149  -   79   30  15.75   5.117       Star        HIP 43012
  15   11  15.983  -   55   20  45.71   5.118       Star GAI 5886622703508749440
   8   11  33.004  -    7   46  21.14   5.119       Star        HIP 40107
   0   11  44.021  -   35    7  59.21   5.121       Star          HIP 950
   1   17  47.956  +    3   36  52.09   5.123       Star         HIP 6061
   3   48  35.704  -   20   54  10.72   5.124       Star        HIP 17798
  18   29  40.979  -    1   59   7.11   5.126       Star        HIP 90642
   0   44  44.396  -   22    0  22.08   5.127       Star         HIP 3505
   8   39   7.899  -   22   39  42.83   5.127       Star GAI 5702029029197580160
  13   18  14.510  +   49   40  55.43   5.128       Star        HIP 64906
   7   25  38.099  -   79    5  39.09   5.129       Star        HIP 36039
   8    5   4.489  +   13    7   5.58   5.131       Star        HIP 39567
  21   13   3.068  -   39   25  29.71   5.132       Star       HIP 104738
  19   26   9.127  +   36   19   4.43   5.133       Star        HIP 95556
  16   54  55.170  +   20   57  30.57   5.134       Star        HIP 82764
   3   12  26.364  +    6   39  39.19   5.134       Star GAI 4425847835083264
  22    1   9.234  +    8   15  25.80   5.135       Star       HIP 108699
   2   56  37.424  -    3   42  44.36   5.137       Star        HIP 13717
  23   47  15.996  -   50   13  35.25   5.138       Star       HIP 117315
  10   48  40.555  -    1   57  32.02   5.142       Star        HIP 52863
  18   32  21.331  -   39   42  14.40   5.142       Star        HIP 90887
   0   30  22.655  -   23   47  15.65   5.143       Star         HIP 2381
  10   31   4.708  +   82   33  31.15   5.144       Star GAI 1146337324038514176
  12   11  51.177  +   25   52  13.01   5.144       Star        HIP 59468
   6   51  59.986  +   23   36   6.20   5.145       Star        HIP 32968
  14   32  30.929  +   55   23  52.78   5.145       Star        HIP 71111
  12   33  38.919  +   33   14  51.29   5.145       Star        HIP 61309
  17    6  18.047  +   22    5   2.95   5.145       Star        HIP 83692
   3   24  18.478  +   24   43  26.74   5.146       Star GAI 69060363996700544
   4   23  40.852  -    3   44  43.69   5.148       Star        HIP 20507
   5   39  44.201  +   25   53  49.54   5.151       Star        HIP 26640
   1    7  47.823  -   41   29  12.64   5.152       Star GAI 4987749854469123328
   9   58  52.275  -   35   53  27.50   5.152       Star        HIP 48926
  22   24  56.369  -   57   47  50.84   5.153       Star GAI 6408551802222368384
   0   33  41.041  -   29   33  29.80   5.156       Star         HIP 2661
  21   54  26.532  +   80   18  30.82   5.156       Star       HIP 108133
   7   50  10.576  -    9   11   0.39   5.157       Star        HIP 38253
   2   19  54.272  -   55   56  41.27   5.159       Star        HIP 10871
  12   20  33.642  -   22   12  57.24   5.159       Star        HIP 60189
  12   45  37.058  +    7   40  23.97   5.159       Star        HIP 62267
  10   39   5.656  +   53   40   5.88   5.160       Star        HIP 52136
   0   50  43.598  +   64   14  51.25   5.161       Star GAI 524013674007632384
   1   34  49.065  +   18   27  37.84   5.162       Star         HIP 7359
  22   38  39.052  +   63   35   4.10   5.163       Star       HIP 111797
  11   56   0.954  -   17    9   2.97   5.164       Star        HIP 58188
   8   25  35.537  +    2    6   7.98   5.164       Star        HIP 41299
  20   31  30.407  +   74   57  16.65   5.165       Star       HIP 101260
   8   39   5.161  -   70   23  12.28   5.165       Star        HIP 42425
  18    8   2.239  +   36   24   4.56   5.166       Star        HIP 88836
  13    5  44.436  +   35   47  56.04   5.166       Star        HIP 63901
  10   29  28.703  -    2   44  20.67   5.168       Star        HIP 51362
  19    7  18.132  +   36    6   0.57   5.168       Star GAI 2098699038630265728
  10   17  37.803  -    8    4   8.09   5.169       Star        HIP 50414
   8   26  41.953  -   12   32   4.57   5.169       Star        HIP 41395
   5   51  25.750  +   32    7  28.89   5.169       Star GAI 3451165037347481472
   4   16  43.092  +   53   36  42.48   5.169       Star GAI 275189932031936000
  14   38  12.589  +   43   38  31.66   5.174       Star        HIP 71568
   5   54  57.826  +   59   53  18.13   5.174       Star        HIP 27971
  23    8  41.079  +    2    7  42.05   5.174       Star GAI 2658379632881716480
  23   34  59.043  +   71   38  31.36   5.174       Star       HIP 116380
  19   43  45.097  +   41   46  23.20   5.175       Star        HIP 97081
  14   50  29.646  +   37   16  19.37   5.177       Star        HIP 72582
   0   49  25.617  -   13   33  40.58   5.177       Star         HIP 3849
   9   52   6.346  +   54    3  51.89   5.178       Star        HIP 48402
  10   46  24.546  +   18   53  29.48   5.178       Star        HIP 52686
  13   58  31.146  -   24   58  20.11   5.178       Star        HIP 68269
  22   59  27.454  +    0   57  46.53   5.180       Star       HIP 113521
  15   46  40.006  +   62   35  58.40   5.182       Star        HIP 77277
  18   54  13.247  +   27   54  34.30   5.183       Star        HIP 92768
   2   44   5.160  +   44   17  49.34   5.184       Star        HIP 12768
   9   46  20.631  -   76   46  34.03   5.185       Star        HIP 47956
   9    7  44.810  +   10   40   5.52   5.189       Star        HIP 44798
   7   32   5.949  +    1   54  52.13   5.190       Star        HIP 36641
   8   37  18.833  -   62   51  12.47   5.190       Star        HIP 42286
   1   26  41.679  +   19   14  25.53   5.190       Star         HIP 6732
  19   26  19.157  -   21   46  36.09   5.191       Star        HIP 95564
   1   36  44.789  -   58   16  15.55   5.191       Star         HIP 7506
   1   32  56.044  -   36   51  54.85   5.193       Star GAI 5009945558259331584
  17   19  37.111  +   80    8  11.04   5.193       Star        HIP 84769
   5   58  49.575  +    0   33  10.74   5.193       Star        HIP 28296
  15   37  39.128  +   69   17   0.04   5.194       Star GAI 1647329762874701952
   7   30  30.919  -   54   23  57.71   5.195       Star        HIP 36496
   2    8  45.661  -   17   46  44.96   5.195       Star         HIP 9999
  16   47  46.420  +    5   14  48.29   5.199       Star        HIP 82216
  18    7  48.340  -   17    9  14.97   5.199       Star        HIP 88816
   4   23   5.663  -   24   53  31.70   5.202       Star GAI 4896293027025282816
   6   42  24.327  +   17   38  43.09   5.205       Star        HIP 32104
  10    1   0.657  +   31   55  25.21   5.205       Star        HIP 49081
   9    9  35.570  -    8   47  15.53   5.205       Star        HIP 44961
  19   29  52.186  -   26   59   8.18   5.205       Star GAI 6766104084405895040
  17   23  16.076  -   47   28   5.51   5.205       Star        HIP 85079
  21    2  57.953  -   38   37  53.20   5.206       Star       HIP 103882
  15   32  57.938  -    1   11  11.05   5.206       Star        HIP 76133
  17   38   5.515  -   54   30   1.56   5.209       Star        HIP 86305
  22   28  39.210  -   39    7  54.45   5.209       Star       HIP 110936
   8    0  47.308  +   17   18  31.32   5.211       Star        HIP 39177
   4    9   9.966  +   19   36  33.18   5.212       Star        HIP 19388
   2   37  24.349  -   52   32  35.19   5.212       Star GAI 4745123853382686336
   7   54  53.317  -   57   18  10.11   5.213       Star        HIP 38656
   2   59  12.726  +   21   20  25.54   5.213       Star        HIP 13914
  16   24   1.291  -   39   11  34.73   5.215       Star        HIP 80337
  13    4  48.235  -   41   11  46.77   5.216       Star        HIP 63820
   5   23  27.843  +   57   32  39.84   5.216       Star        HIP 25197
   7   13   7.194  -   11   15   4.83   5.217       Star        HIP 34888
  23   19  52.425  +   42    4  41.05   5.219       Star GAI 1924512967747591936
   4    4   9.875  +    2   49  37.02   5.219       Star        HIP 18993
   2   27  27.771  +   31   48   4.61   5.221       Star        HIP 11432
   2   28   9.980  +   29   40   9.59   5.221       Star        HIP 11486
   1    1  18.275  -   38   54  59.50   5.223       Star         HIP 4770
  20    4   8.315  +    7   16  40.67   5.224       Star        HIP 98823
   7   46  16.201  +   10   46   5.71   5.225       Star        HIP 37921
  20   20  21.407  +   17   47  34.53   5.225       Star       HIP 100276
   6   21  46.130  +   53   27   7.84   5.225       Star        HIP 30247
  13   46  59.775  +   38   32  33.71   5.226       Star        HIP 67250
   4   48   0.273  +   56   45  25.84   5.226       Star GAI 277676649371573504
   0   16   8.867  -   31   26  47.01   5.226       Star         HIP 1288
   8   37  52.153  -   26   15  18.00   5.230       Star        HIP 42334
  22   18  15.613  -   53   37  37.47   5.231       Star       HIP 110109
  19   25  21.595  -   13   53  49.62   5.232       Star GAI 4184884505372233472
  11   32  23.282  -   26   44  48.50   5.232       Star        HIP 56293
  16    1   2.660  +   33   18  12.64   5.233       Star        HIP 78459
  14   43  44.434  +   40   27  33.31   5.234       Star        HIP 72012
   6   35  12.062  +   28    1  20.32   5.235       Star        HIP 31434
  17   27  44.077  +    8   26  31.33   5.235       Star        HIP 85450
  15   27  38.873  +   25    6   5.83   5.237       Star        HIP 75674
   4    6   3.183  +   68   40  47.90   5.237       Star        HIP 19129
   4   49  12.847  +   31   26  14.55   5.237       Star        HIP 22393
   9   18   5.871  -   51    3   3.08   5.238       Star        HIP 45631
  15   14  10.315  +   42   10  17.06   5.238       Star        HIP 74571
   4   10  59.024  +   33   35  12.40   5.238       Star GAI 169965226141990272
  17   14  39.163  +   14   23  24.67   5.239       Star GAI 4541877995116193408
   4   30   0.355  +   83   20  25.36   5.241       Star        HIP 20982
   9   13  48.213  +   43   13   4.19   5.241       Star GAI 817013387993056640
  11   30  29.028  +   18   24  35.31   5.243       Star        HIP 56146
   9   58  13.375  +   12   26  41.30   5.244       Star GAI 3881390193395559424
  23   10  42.637  +   17   35  39.74   5.246       Star       HIP 114449
   2   56  24.650  +   64   19  56.80   5.247       Star        HIP 13700
   6   47  21.399  -   37   55  46.91   5.247       Star        HIP 32537
   4    1  32.047  -    1   32  58.77   5.247       Star        HIP 18788
   2   12  54.470  -   30   43  25.77   5.248       Star        HIP 10320
  11    6  54.207  +    1   57  19.89   5.250       Star        HIP 54336
  10   46  25.277  +   14   11  40.72   5.250       Star        HIP 52689
   2   16  59.043  -    6   25  19.62   5.250       Star        HIP 10642
   0   42  28.372  -   65   28   4.91   5.251       Star         HIP 3330
  23   47  56.542  -    2   45  41.75   5.251       Star       HIP 117375
  10   51  23.721  +   59   19  12.43   5.251       Star        HIP 53064
  15    3   6.055  +   35   12  20.86   5.253       Star        HIP 73634
  19   43  42.917  +   25   46  18.91   5.253       Star GAI 2021725326270306560
   5   42  26.449  +   65   41  51.54   5.255       Star        HIP 26882
   9   38   1.451  -   43   11  27.38   5.255       Star        HIP 47267
   0   47   1.456  +   11   58  25.87   5.256       Star GAI 2775142888669277696
   3   11  18.774  -    3   48  41.75   5.256       Star        HIP 14819
   6   33  36.164  +   14    9  18.59   5.259       Star        HIP 31277
   9   55  43.002  +   49   49  11.43   5.261       Star        HIP 48682
  23    0   5.789  -   25    9  51.05   5.263       Star       HIP 113562
   8   22   4.452  -   73   23  59.93   5.263       Star        HIP 41003
  11    3  14.879  -   11   18  12.49   5.265       Star        HIP 54029
   7    1  21.419  +   70   48  29.86   5.265       Star        HIP 33827
  18   55  27.461  +    6   36  55.08   5.266       Star GAI 4282868549224887552
  15   21   7.609  -    5   49  29.47   5.266       Star        HIP 75127
  21   27  21.366  +   37    7   0.47   5.266       Star       HIP 105942
  19   37   3.341  -   18   13  51.80   5.267       Star        HIP 96496
   2   24  53.910  -   60   18  43.01   5.268       Star        HIP 11258
  23   33  57.279  +   31   19  30.67   5.269       Star GAI 2871407124548760832
  20   58  25.934  +   10   50  21.43   5.269       Star       HIP 103527
  15   43  59.299  +   32   30  56.90   5.270       Star        HIP 77048
   9    6  59.939  +    1   27  45.69   5.273       Star        HIP 44738
   2   18  56.994  +   28   38  33.63   5.274       Star        HIP 10793
  21   26  51.622  +   48   50   6.60   5.275       Star       HIP 105898
   8   47  14.986  -    1   53  49.33   5.275       Star        HIP 43142
   1   25   5.307  -   64   22  10.11   5.277       Star         HIP 6631
  10   23  29.296  -   38    0  35.43   5.278       Star        HIP 50888
   0   55  42.400  -    7   20  49.74   5.280       Star         HIP 4346
  12   41  22.985  -   46    8  44.10   5.280       Star        HIP 61916
  19   12  40.712  -    7   56  22.26   5.281       Star        HIP 94385
  11    0  11.693  -   14    5   0.13   5.281       Star        HIP 53778
  13   23   8.632  -   33   11  23.56   5.282       Star        HIP 65311
  14   45  17.337  -   62   52  32.34   5.282       Star        HIP 72131
  19    2  27.675  -   24   50  48.57   5.282       Star        HIP 93498
   0   47  43.221  -   18    3  40.82   5.283       Star         HIP 3717
  22   57  27.980  +   20   46   7.80   5.283       Star       HIP 113357
  22    5   3.461  +   14   48  57.36   5.285       Star GAI 1768487045083043712
   0    9   2.425  +   18   12  43.07   5.286       Star          HIP 729
  17   39  57.518  +   31   12   8.89   5.287       Star        HIP 86462
  19   29  22.154  +   14   35  45.67   5.288       Star        HIP 95822
  14   19  16.280  +   13    0  15.48   5.289       Star        HIP 69989
  21   33  23.515  -   44   50  55.34   5.289       Star GAI 6576067071637352448
  21   21   4.394  +   23   51  21.49   5.290       Star       HIP 105411
  22   23  30.849  -   24   45  45.59   5.291       Star       HIP 110529
  12    1  39.462  +   36    2  31.48   5.293       Star GAI 4030006026161443712
   3   39  51.122  +    3    3  24.72   5.293       Star        HIP 17103
   7   30  52.665  +   68   27  56.33   5.295       Star GAI 1108520892912114048
  10   49  15.430  +   10   32  42.72   5.295       Star        HIP 52911
   1    2  42.907  -   65   27  21.97   5.297       Star         HIP 4879
  22    3  16.458  -    6   31  20.67   5.297       Star       HIP 108868
  19   48   1.198  -   56   21  45.40   5.298       Star        HIP 97421
  21   26  22.874  -   37   49  45.95   5.298       Star       HIP 105854
  11   29  41.844  +   15   24  47.76   5.299       Star        HIP 56080
  14   55  44.708  -   33   51  20.82   5.300       Star        HIP 73049
   2   19  16.704  +   47   22  47.82   5.300       Star GAI 354048864474522368
   7    6  11.592  +   34   28  26.28   5.301       Star        HIP 34267
   6    6  35.098  +   38   28  57.53   5.302       Star        HIP 28946
  12   23  35.420  -   35   24  45.64   5.302       Star        HIP 60449
   7   41  12.399  +   48    7  53.52   5.304       Star        HIP 37441
  19   51  50.611  -   39   52  27.74   5.305       Star GAI 6690538945193477760
   4   42  54.336  +   43   21  54.43   5.305       Star GAI 204676121035325952
  18   51  34.920  +   52   58  30.25   5.307       Star GAI 2146204847257954944
  17    9  47.950  -   10   31  23.88   5.307       Star        HIP 83962
  18   29  44.967  +   77   32  49.45   5.307       Star        HIP 90647
   5   51  21.984  -    7   31   4.81   5.308       Star        HIP 27658
  14   41  43.520  +   11   39  38.38   5.308       Star        HIP 71837
  15   22  38.408  +   63   20  29.27   5.308       Star        HIP 75260
   4   40   6.801  -   24   28  56.53   5.308       Star        HIP 21743
  13    5  52.267  +   45   16   6.79   5.309       Star        HIP 63916
   8   19  32.289  +   75   45  24.87   5.311       Star        HIP 40793
   0    5  41.962  +   13   23  46.57   5.312       Star          HIP 476
  13   45  56.321  -   12   25  35.51   5.313       Star        HIP 67172
   3   27  33.421  -   35   40  52.77   5.315       Star        HIP 16112
   7   15  21.068  -   30   41  11.22   5.316       Star        HIP 35083
   4   46   1.740  +   11   42  20.11   5.316       Star        HIP 22157
  21   15  42.448  +   77    0  44.27   5.317       Star       HIP 104968
  13   48  38.735  +   31   11  24.74   5.319       Star        HIP 67384
   4   39   6.159  +    7   52  15.55   5.324       Star        HIP 21670
   1   41  47.968  -   60   47  21.61   5.326       Star         HIP 7921
  17   21  43.611  +   39   58  28.81   5.326       Star GAI 1346932740806216960
   4    7  59.417  +   17   20  23.63   5.328       Star        HIP 19284
   9   39  27.875  +   67   16  20.02   5.328       Star        HIP 47401
   7   33  19.565  -   19   24  45.09   5.329       Star        HIP 36732
   3   45  40.443  +    6    2  59.99   5.329       Star        HIP 17563
  23   39   8.332  +   50   28  18.24   5.331       Star       HIP 116709
   7   20  58.285  -   14   21  37.76   5.332       Star        HIP 35615
  17   22   5.876  -   70    7  23.54   5.332       Star        HIP 84979
  16   11  47.599  +   42   22  28.44   5.336       Star        HIP 79357
   5   35  27.132  +   24    2  22.55   5.337       Star GAI 3404675967734698624
   7   44   4.178  +   50   26   1.66   5.341       Star GAI 982431540841766912
  19   37  47.318  -    4   38  51.51   5.342       Star        HIP 96556
  11   51   2.230  -    5   19  59.99   5.342       Star GAI 3598849446322133248
  18   32  46.155  +   23   37   0.47   5.342       Star        HIP 90915
  10    3  40.987  -    9   34  25.64   5.342       Star        HIP 49293
  11   12  33.064  -   49    6   3.59   5.343       Star GAI 5350176752737354624
  12   12   9.290  +   20   32  31.42   5.344       Star        HIP 59501
  22   20  27.573  +    5   47  22.21   5.344       Star       HIP 110298
   9   37   9.893  -   32   10  43.24   5.344       Star        HIP 47199
  13   42   1.084  -   58   47  13.52   5.346       Star        HIP 66849
   8   21  21.224  -   20    4  44.63   5.349       Star GAI 5707246108792651904
  19   47  26.827  +   47   54  27.25   5.349       Star GAI 2086614688589352320
   8   56  40.976  -   85   39  47.35   5.350       Star        HIP 43908
  11   59  56.913  +    3   39  18.74   5.351       Star        HIP 58510
   0   16  45.678  +   10   14  41.21   5.351       Star         HIP 1339
  12   33  34.259  -   12   49  48.74   5.351       Star        HIP 61296
   3    6  23.687  +   13   11  14.10   5.352       Star        HIP 14439
   6    4  58.359  +    4    9  31.18   5.352       Star GAI 3318108290544104960
  22   11   9.894  +   50   49  24.29   5.353       Star       HIP 109521
  17   38   9.505  -   10   55  34.57   5.354       Star        HIP 86313
  23   34  38.203  +   33   29  50.38   5.355       Star       HIP 116355
  15   31  30.822  -   73   23  22.53   5.355       Star        HIP 76013
  12    0  44.460  -   10   26  46.07   5.355       Star GAI 3575733210781078016
  13   18  27.727  +   34    5  53.91   5.357       Star        HIP 64927
  11   38  40.018  -   13   12   6.98   5.357       Star        HIP 56802
  13   29  13.001  +   10   49   5.91   5.358       Star        HIP 65790
  15   44   4.399  -   15   40  22.20   5.358       Star        HIP 77060
   4   29   6.925  -   13    2  54.13   5.358       Star        HIP 20922
   7   55  39.894  +   19   53   2.28   5.359       Star        HIP 38722
  11   29   4.122  +   39   20  13.10   5.360       Star        HIP 56034
  21   50   0.124  -   64   42  45.14   5.360       Star       HIP 107773
  13   41   2.346  +   22   29  44.77   5.361       Star        HIP 66763
  11   55  40.131  -   28   28  37.57   5.362       Star        HIP 58158
  23   52  23.390  +   21   40  15.96   5.363       Star       HIP 117710
   7   51  43.025  -   21   10  25.18   5.363       Star        HIP 38375
   9   37   2.582  +   16   26  16.63   5.364       Star        HIP 47189
   6   30   2.974  +   46   41   8.00   5.364       Star        HIP 30972
  11    4  54.197  -   35   48  16.82   5.366       Star GAI 5400737039021509632
   2   49  54.183  -   27   56  31.14   5.366       Star        HIP 13202
  13   23  18.894  -    4   55  27.94   5.367       Star        HIP 65323
  16   19   0.416  -   14   52  22.13   5.367       Star GAI 4328494296046768768
   3   32  34.802  -   50   22  43.12   5.368       Star        HIP 16509
  10   18   7.590  -   28   59  31.20   5.372       Star        HIP 50456
  23   19  24.107  -   18    4  31.35   5.373       Star       HIP 115144
   8    4  47.059  +   79   28  46.61   5.374       Star        HIP 39538
   4   51   9.321  +   48   44  26.39   5.374       Star GAI 256031422949890432
  18    0  36.374  +   33   12  49.25   5.375       Star        HIP 88190
  21   37  45.430  +   19   19   6.99   5.377       Star       HIP 106787
   2   37  41.802  -    3   23  46.23   5.378       Star        HIP 12247
  16   19  55.142  +   39   42  30.90   5.379       Star        HIP 80008
   8   38  22.185  +   53   24   5.55   5.380       Star        HIP 42372
  21   27  40.058  +   27   36  30.94   5.380       Star       HIP 105966
  16    5  55.819  -   72   24   3.24   5.380       Star        HIP 78868
   5    9  19.643  +    9   49  46.50   5.382       Star GAI 3290872562889409024
  21   22  56.258  -    9   19   9.58   5.383       Star       HIP 105574
   8   20  40.322  +   72   24  26.03   5.385       Star        HIP 40889
  23    2  32.557  -    6   34  26.44   5.386       Star       HIP 113781
  18   36  37.344  +   33   28   8.54   5.386       Star        HIP 91235
  21   54  10.373  -    4   16  34.23   5.386       Star       HIP 108102
  11   13  45.553  -    0    4  10.21   5.387       Star        HIP 54849
   7   15  50.139  +   47   14  23.87   5.388       Star        HIP 35136
   7   29   5.695  -   38   48  43.44   5.388       Star        HIP 36363
   0   47  46.054  +   74   50  51.25   5.389       Star         HIP 3721
   3   32  20.135  +   84   54  39.76   5.390       Star GAI 571348130611591296
   8   46   9.557  -   10   49  47.61   5.390       Star        HIP 43039
  18   56  25.718  +   65   15  29.10   5.393       Star        HIP 92969
   9   19  33.135  -   15   50   4.79   5.396       Star        HIP 45743
  21   27  46.142  +   66   48  32.75   5.396       Star       HIP 105972
  14   47  13.650  -   21   19  29.54   5.397       Star        HIP 72310
  21    8  32.695  -   63   55  41.73   5.398       Star       HIP 104364
   2   17  59.887  +   57   53  59.36   5.399       Star        HIP 10718
   5   11  38.311  +   29   54  12.83   5.400       Star GAI 156157696556719616
   6   54  24.651  -    1    7  37.01   5.400       Star GAI 3112328882615048192
  17   33   7.257  +   41   14  36.42   5.403       Star        HIP 85888
   1   10  33.553  +    2   26  44.43   5.404       Star         HIP 5510
   3   15  57.666  -   77   23  18.43   5.406       Star        HIP 15201
   3    2  55.863  -   46   58  30.10   5.406       Star        HIP 14187
  14   25   6.327  -   68   11  43.20   5.406       Star        HIP 70492
   2    3  11.650  +    0    7  42.63   5.409       Star         HIP 9589
   4   17   8.094  +   57   51  37.15   5.411       Star GAI 469395399534137728
  10   12  48.365  +    4   36  52.84   5.411       Star        HIP 50027
   4   21  27.038  -    0    5  53.43   5.411       Star        HIP 20341
  11   58  15.225  -   56   19   2.32   5.413       Star        HIP 58379
  15   38  49.471  -   52   22  21.71   5.416       Star        HIP 76618
   5   56  20.943  -   31   22  56.78   5.416       Star        HIP 28098
   2   38  48.992  +   21   57  41.05   5.416       Star GAI 88742927803267712
  21   24  11.492  -   12   52  41.19   5.416       Star       HIP 105668
  17   16  56.416  +   89    2  15.74   5.417       Star        HIP 84535
   8   21  54.606  -   17   35  10.81   5.418       Star        HIP 40990
   1   58  33.506  +   49   12  15.67   5.418       Star         HIP 9222
  22   14  18.751  -   27   46   0.86   5.418       Star       HIP 109789
  20   54  47.816  -   17   55  22.42   5.420       Star       HIP 103226
   8   23  55.208  +   10   37  55.42   5.421       Star        HIP 41163
  21    6   1.138  -   30    7  30.52   5.422       Star GAI 6788186538497052288
  17   18  48.526  +   28   49  22.68   5.424       Star        HIP 84691
  15   18  24.507  +   20   34  21.95   5.424       Star GAI 1214075521005940224
  17   42  35.187  -    4   50  59.13   5.424       Star        HIP 86677
  23   52  50.529  -    8   59  48.33   5.426       Star       HIP 117756
   0   45  24.125  -    4   37  44.97   5.427       Star         HIP 3552
   4   57  48.646  +   23   56  54.85   5.427       Star GAI 3419439831914622720
  11   12  14.791  -   32   26   1.67   5.429       Star        HIP 54725
  14    6  41.645  -   14   12  17.60   5.429       Star        HIP 68937
  19   41  37.265  -   65   51  15.89   5.430       Star        HIP 96882
   7   14  32.621  +   12    6  56.97   5.431       Star        HIP 35005
   3   50   4.425  +   44   58   4.33   5.431       Star GAI 244122956108424576
  15   23  52.239  -   12   22  10.21   5.432       Star        HIP 75352
  16   29  46.922  -   14   33   2.87   5.432       Star GAI 4325706656113783680
   6   28  37.420  -   17   27  57.64   5.433       Star        HIP 30836
  12   28  22.467  -   39    2  28.19   5.434       Star GAI 6150348538868920320
   6   57  18.505  +   37   23  40.97   5.437       Star        HIP 33453
   9    2  44.268  +   24   27  10.39   5.437       Star        HIP 44405
  17   48  24.768  +   20   33  55.58   5.438       Star        HIP 87158
   4   17  59.270  -   80   12  50.51   5.439       Star        HIP 20049
  20   25  40.529  +   21   24  34.72   5.439       Star       HIP 100754
  20   19  29.296  +   13   13   0.36   5.440       Star       HIP 100208
  11   44  13.163  +   25   13   5.96   5.440       Star        HIP 57240
   2   30  32.794  -   22   32  43.15   5.442       Star        HIP 11671
   1   37   5.926  +   12    8  30.42   5.442       Star GAI 2585868490297270144
  22   29  52.978  +   78   49  27.43   5.442       Star       HIP 111056
   5   45  54.042  +   49   49  34.58   5.446       Star GAI 214125598839477632
   3   17  26.591  -   47   45   6.09   5.447       Star GAI 4750007506075698688
  12   18  49.985  +   75    9  38.02   5.448       Star        HIP 60044
   0   34  27.832  -   52   22  23.13   5.448       Star         HIP 2711
  10   15   7.667  +   59   59   7.95   5.450       Star        HIP 50222
  13   20  57.700  -   46   52  48.03   5.452       Star        HIP 65144
  23   47  15.912  -   11   54  40.06   5.453       Star       HIP 117314
  18   32  49.958  +   30   33  15.15   5.456       Star        HIP 90923
   9   11  58.736  -   19   44  51.47   5.456       Star        HIP 45158
  11   38  20.570  +   43   37  31.54   5.457       Star        HIP 56770
  14   50  20.421  +   82   30  42.99   5.457       Star        HIP 72573
   6   15   8.402  -   20   16  19.86   5.458       Star        HIP 29679
  22   13  44.434  -   25   10  51.25   5.458       Star       HIP 109737
  18   23  36.449  -   75    2  39.40   5.458       Star        HIP 90133
   2   24  49.058  +   10   36  38.01   5.458       Star        HIP 11249
  17   41  58.632  +   15   57   8.76   5.459       Star        HIP 86623
  20   18  55.979  -   47   42  38.80   5.460       Star       HIP 100151
  15   42  50.760  +   52   21  39.24   5.463       Star        HIP 76957
   8   10   3.777  +   58   14  53.68   5.464       Star        HIP 39995
  22   40  48.917  -   57   25  20.35   5.465       Star       HIP 111967
  10   11  12.778  +   37   24   6.84   5.466       Star        HIP 49893
  16   19  11.213  +   49    2  17.37   5.466       Star        HIP 79953
  19   46   1.225  -   31   54  30.85   5.467       Star GAI 6748040070433427456
  12   31  21.415  +    7   36  15.51   5.467       Star        HIP 61103
   0   48  22.976  +    5   16  50.21   5.468       Star         HIP 3765
   2   55  56.921  +   61   31  16.09   5.469       Star        HIP 13665
   9   59  36.214  +   29   38  42.83   5.469       Star        HIP 48982
   6   23   1.454  -   63   40  59.29   5.470       Star        HIP 30352
   9   56  35.494  -   33   25   6.59   5.470       Star        HIP 48748
  19    6  58.599  +   11    4  16.02   5.472       Star        HIP 93867
  10   43   1.882  +   26   19  32.03   5.475       Star        HIP 52422
  14   57  11.678  +   16   23  17.26   5.477       Star        HIP 73166
  11   14   1.834  +    8    3  38.50   5.477       Star        HIP 54863
   6    1  43.060  +   48   57  34.00   5.478       Star        HIP 28562
  10   16  14.430  +   29   18  37.71   5.479       Star        HIP 50303
   6   36  35.330  -    5   12  40.10   5.480       Star        HIP 31583
   3    2  15.449  -   71   54   8.84   5.480       Star        HIP 14131
   3   45  15.876  -   47   21  34.11   5.481       Star        HIP 17534
  20   29  31.342  -   22   23  29.64   5.481       Star       HIP 101090
  22   27  46.255  +   31   50  24.17   5.482       Star       HIP 110873
   2   47  47.726  +   81   26  54.51   5.485       Star GAI 568834887547325952
  18   29  56.738  -   57   31  23.31   5.486       Star        HIP 90664
   5    5   0.606  -   54   24  26.64   5.486       Star        HIP 23653
  15    3  46.738  +   47   39  15.89   5.486       Star GAI 1588936345294751872
  13   39  34.493  +   10   44  46.40   5.487       Star GAI 3726490479878642688
   8   20  20.972  +   20   44  51.80   5.487       Star        HIP 40866
   6   26  25.837  +   56   17   6.35   5.488       Star        HIP 30651
   0   20  39.042  -   69   37  29.71   5.488       Star         HIP 1647
   5    8   6.622  +   24   15  54.63   5.489       Star        HIP 23900
  12   39   3.451  -   30   25  20.54   5.490       Star GAI 3470711811464131328
   1    2  26.431  -   31   33   7.25   5.490       Star GAI 5027700403305690752
  16   58  17.940  -   50   38  28.27   5.490       Star        HIP 83057
  11   32  47.537  -    7   49  39.09   5.491       Star        HIP 56318
  17    2  18.696  +   25   30  20.23   5.491       Star        HIP 83367
   2   36  37.919  +   12   26  51.47   5.492       Star GAI 26484834227184896
  20   32  23.695  -    9   51  12.18   5.492       Star       HIP 101345
  17   26  49.128  +   20    4  51.52   5.493       Star        HIP 85385
   8   43  12.329  +   12   40  51.15   5.494       Star        HIP 42795
   5   39  43.707  +   75    2  37.95   5.496       Star        HIP 26638
   8   23  48.501  +   53   13  10.97   5.500       Star        HIP 41152
   3   54  23.167  -   40   21  25.22   5.500       Star GAI 4843381538200043904
   1   30  22.905  -   26   12  28.27   5.500       Star         HIP 7016
  11   55  40.533  +   15   38  48.55   5.500       Star GAI 3925246860369949824
   2   51  29.586  +   15    4  55.44   5.501       Star        HIP 13327
  15   40  58.229  -   47   44   9.93   5.501       Star        HIP 76809
   6   15  34.265  -    0   30  43.88   5.502       Star        HIP 29716
  19   51  11.098  -    2   27  39.56   5.502       Star        HIP 97687
  23   42  20.952  +   64   30  55.42   5.503       Star       HIP 116948
  22   54   6.983  +   40   22  36.73   5.503       Star       HIP 113084
   5   16   4.135  +   11   20  28.88   5.505       Star        HIP 24555
  16    0  47.632  -    8   24  40.89   5.505       Star        HIP 78436
  18   33  56.688  +   52   21  12.68   5.506       Star        HIP 91013
  14   56  23.040  +   49   37  42.42   5.507       Star        HIP 73100
   9   22  23.992  -   46    2  50.80   5.508       Star        HIP 45962
   8   19  17.160  +   62   30  25.76   5.509       Star GAI 1090367200025794176
   8   10  27.181  +   25   30  26.40   5.509       Star        HIP 40023
  16   25  43.185  +   78   57  49.89   5.511       Star        HIP 80480
  10   14   8.960  -   23   48  50.21   5.511       Star        HIP 50142
  22   42  20.809  +   53   54  31.49   5.512       Star       HIP 112098
   5   50  13.065  +    4   25  24.26   5.512       Star GAI 3319644995481568640
   2    2  57.956  +   33   17   2.88   5.513       Star         HIP 9570
  21    9  22.466  -   73   10  22.14   5.513       Star GAI 6371557530914670976
  13   58  39.907  +   14   38  57.39   5.515       Star        HIP 68279
   2   22   4.983  -   17   39  43.82   5.517       Star        HIP 11033
  21   56  56.372  +   12    4  35.38   5.517       Star       HIP 108339
  17   51  35.472  -   60    9  50.60   5.518       Star        HIP 87393
  23   16  57.687  -   62    0   4.31   5.519       Star       HIP 114948
  20   40  32.519  -   16    7  27.03   5.520       Star       HIP 102026
  16    0  51.134  +    4   25  38.49   5.520       Star        HIP 78442
  22   17   6.500  -    5   23  13.80   5.521       Star       HIP 110023
   4   20  41.248  +    6    7  50.85   5.522       Star GAI 3285053638117372160
   9    9  11.514  -   12   21  27.74   5.523       Star        HIP 44936
  21    3   1.795  +   14   43  48.10   5.524       Star       HIP 103891
  11   24  11.127  -   72   15  23.79   5.525       Star        HIP 55657
  14   15  24.086  -   18   12   2.49   5.526       Star        HIP 69658
  16   22  29.067  -   43   54  43.40   5.527       Star        HIP 80212
  13   40  55.483  -   85   47   9.75   5.531       Star GAI 5769292237140760960
  13   14  17.330  -   78   26  50.84   5.532       Star        HIP 64587
  19   15  33.362  +   18   30  58.85   5.533       Star        HIP 94646
  15    6  13.934  -   36   15  52.57   5.534       Star        HIP 73901
   3   41   7.857  +   37   34  48.71   5.534       Star        HIP 17203
  11   41  19.791  -   43    5  44.40   5.535       Star        HIP 57013
   8   38  40.291  -   19   44  12.83   5.536       Star        HIP 42394
   2   26  35.217  -   20    2  33.42   5.537       Star        HIP 11381
   0    6  26.537  +   64   11  46.17   5.538       Star          HIP 531
  20   20  32.314  -   55    3   3.18   5.539       Star       HIP 100300
   1   23  40.616  +   37   42  53.80   5.539       Star         HIP 6514
  14   22  19.720  -   34   47  12.45   5.540       Star        HIP 70243
  13   53  20.193  +   52   19  22.77   5.540       Star        HIP 67799
  22   48  11.035  +   37   25   0.08   5.542       Star       HIP 112590
   0   42   3.421  +   66    8  51.34   5.542       Star         HIP 3299
   9   43  42.235  -   53   53  28.61   5.543       Star        HIP 47717
  19   16  31.031  +    4   50   5.26   5.544       Star        HIP 94727
  19   25   4.042  -   29   18  33.69   5.546       Star        HIP 95456
  12   26  51.692  -   32   49  48.45   5.546       Star        HIP 60735
   1   11  25.571  +   64   12   9.64   5.547       Star         HIP 5566
   0   16  53.958  +   49   27  42.90   5.547       Star         HIP 1352
   9    2  44.817  +    7   17  53.76   5.549       Star        HIP 44406
   5   46  52.134  +    9   31  20.42   5.550       Star        HIP 27280
   6   34  35.624  +    4   58   4.54   5.553       Star        HIP 31363
   0   25  24.208  +    1   56  22.89   5.553       Star         HIP 2006
  16   36  21.450  -    2   19  28.51   5.554       Star        HIP 81300
  16   31   2.784  +   35   13  30.24   5.557       Star        HIP 80888
  10   56  16.853  +   22   21   6.05   5.558       Star        HIP 53472
  19   19  39.994  -   35   25  17.25   5.558       Star        HIP 94986
  10   49  43.498  -    9   51  10.17   5.558       Star        HIP 52948
  14   33  29.968  -   52   40  46.27   5.561       Star        HIP 71182
  23   35  55.942  +   24   33  39.65   5.562       Star       HIP 116465
   8   34  29.253  -   37   36  40.21   5.562       Star        HIP 42070
  13   26  56.803  +   78   38  37.93   5.563       Star        HIP 65595
  20   50  41.777  -   12   32  41.65   5.564       Star       HIP 102891
   5   10  42.920  +   46   57  43.46   5.565       Star        HIP 24109
  21   46  32.097  -   11   21  57.44   5.566       Star       HIP 107517
   0    4  41.308  -   71   26  12.80   5.568       Star          HIP 377
  16   36  11.202  +   46   36  47.99   5.569       Star        HIP 81289
   0   54  53.140  +   83   42  26.68   5.571       Star GAI 573196890693529088
  20   22  27.502  -   42    2  58.42   5.572       Star       HIP 100469
  23   48  32.479  -    6   22  49.52   5.574       Star       HIP 117420
   5   33  54.283  +   14   18  20.04   5.574       Star        HIP 26093
   0   44  12.099  -   38   25  18.05   5.578       Star         HIP 3456
   4   54  54.813  -   39   37  42.99   5.581       Star        HIP 22847
   9    9  56.410  -   30   21  55.44   5.582       Star        HIP 45001
  11   16  41.850  +   49   28  34.49   5.583       Star        HIP 55086
   8   32  54.978  +   38    0  58.94   5.583       Star GAI 910913124113802880
   0   10  42.834  -   12   34  47.63   5.584       Star          HIP 873
   0   48   9.103  +   72   40  28.19   5.584       Star GAI 536756498370673792
   1   12  16.816  +   79   40  26.27   5.585       Star         HIP 5626
  20   18   1.397  -   21   48  35.85   5.587       Star       HIP 100062
   0   42  41.950  -   60   15  46.10   5.587       Star         HIP 3352
  20   13  42.813  +   43   22  44.44   5.588       Star        HIP 99685
  16   29  45.221  -   57   45  22.77   5.588       Star        HIP 80788
   8   13   8.868  +   29   39  23.54   5.590       Star        HIP 40240
  11   41  34.256  +   31   44  45.78   5.592       Star GAI 4024224519144742528
  23   23  45.423  -   43    7  27.94   5.593       Star       HIP 115496
   6    1  20.274  +   85   10  55.61   5.593       Star        HIP 28532
   0    2  10.349  +   27    4  54.60   5.596       Star GAI 2853900872207888768
   5   56  49.450  +   11   31  15.81   5.596       Star        HIP 28139
  10   49  57.018  -   34    3  29.46   5.597       Star        HIP 52965
   4   58  50.967  -   82   28  13.86   5.598       Star        HIP 23148
   5    2  22.804  -   31   46  16.80   5.598       Star        HIP 23446
  11    3  36.592  -    0    0   2.99   5.598       Star        HIP 54049
   2   13   0.988  -   21    0   0.48   5.600       Star        HIP 10326
   7   46  40.078  +   65   27  20.43   5.600       Star        HIP 37949
  22   38  52.594  +   19   31  20.10   5.600       Star       HIP 111810
   4   28  39.037  -   19   27  31.94   5.601       Star        HIP 20892
   1   33  42.836  -    7    1  31.24   5.601       Star         HIP 7276
  22   59  35.672  -   13    4  15.23   5.605       Star       HIP 113531
   9   51  41.216  -   11   20  25.83   5.606       Star        HIP 48375
   3   38  29.253  -    7   23  30.70   5.607       Star        HIP 16989
  20   14  25.799  -   62   16  45.13   5.607       Star        HIP 99758
   8   44  45.036  +   10    4  54.01   5.609       Star        HIP 42917
  22   41  57.456  +   14   30  59.02   5.610       Star       HIP 112067
   1   22  36.953  +    1   43  34.80   5.612       Star         HIP 6432
  19   23  56.500  +   43   23  17.41   5.614       Star        HIP 95352
   2   36  58.608  -   34   34  40.71   5.615       Star        HIP 12186
  10   42  43.184  -   32   42  56.41   5.615       Star GAI 5450860509956392960
  18   29  19.944  -   80   13  57.75   5.616       Star        HIP 90606
   3   10  27.052  +   26   53  47.54   5.616       Star GAI 112574322643706368
   8    9  33.625  -   56    5   7.27   5.616       Star GAI 5319061879339064448
   1   59  35.684  +   21    3  30.85   5.618       Star         HIP 9307
   0   13  30.840  +   41    2   7.34   5.619       Star         HIP 1086
  15   38  34.205  +   50   25  23.65   5.619       Star GAI 1402820813766244224
   1   42   3.490  +   35   14  44.54   5.620       Star         HIP 7943
   8    0  55.873  +   25   23  34.21   5.620       Star        HIP 39191
  17   22  54.749  -   37   13  14.84   5.622       Star        HIP 85048
  11   59  17.532  +   33   10   1.21   5.622       Star        HIP 58460
  13    6  54.257  -   35   51  43.28   5.625       Star        HIP 64003
  16   32  35.685  +    5   31  16.39   5.626       Star        HIP 81007
   2    2  58.570  -   15   18  21.35   5.626       Star         HIP 9572
  15   20   5.151  +   51   57  30.65   5.627       Star        HIP 75043
   6   58   7.116  -    9    1  38.21   5.629       Star        HIP 33530
  10    2  48.950  +   21   56  57.33   5.631       Star        HIP 49220
   5   27   8.272  +   30   12  30.97   5.633       Star        HIP 25492
  17   25  41.354  +   60    2  54.23   5.633       Star        HIP 85290
  18   27   4.223  -   53    6  36.75   5.635       Star GAI 6652929290975546496
   1   48  41.563  +   32   41  24.75   5.635       Star         HIP 8433
   8   31  30.519  +   24    4  51.99   5.636       Star        HIP 41816
   5   24  28.487  -   16   58  32.80   5.637       Star        HIP 25280
   5   56  14.272  -   22   50  23.91   5.637       Star        HIP 28085
  12    9  41.310  +    1   53  52.40   5.637       Star        HIP 59285
  23   49  40.960  +   36   25  31.01   5.639       Star       HIP 117503
   0   23   4.391  -   15   56  33.11   5.640       Star         HIP 1821
  17    0  36.989  -   35   56   2.88   5.642       Star        HIP 83235
   8   53  22.558  +   61   57  44.16   5.643       Star        HIP 43644
   8    1  13.898  +    4   52  47.52   5.643       Star        HIP 39213
   3    1  37.629  -   28    5  29.37   5.644       Star GAI 5071514326764428544
  18   48   2.665  +    4   14  29.12   5.644       Star        HIP 92254
   4   28   9.464  -   41   57  35.40   5.645       Star        HIP 20856
  14   49  18.670  +   46    6  58.33   5.645       Star        HIP 72487
   7   17  31.663  -    6   40  47.98   5.647       Star        HIP 35301
  16   41   0.582  +   24   51  31.33   5.648       Star        HIP 81670
  20   47   3.562  -    2   29  12.87   5.649       Star       HIP 102561
  23   20  53.264  +   38   10  56.37   5.654       Star       HIP 115280
  20   20  30.641  +   53   35  44.48   5.654       Star GAI 2184903365893090688
  12   10   3.418  +    5   48  25.23   5.656       Star        HIP 59309
  12   57  12.674  -   12    4   1.02   5.657       Star        HIP 63220
   3   42  18.948  +   19   42   0.92   5.657       Star        HIP 17309
   8   38  18.981  +   32   48   7.26   5.657       Star        HIP 42365
   4   49   4.753  -   56   39  59.68   5.661       Star        HIP 22381
   1   39  40.818  +   16   24  21.08   5.661       Star         HIP 7740
  17   53  14.186  +    6    6   5.12   5.661       Star        HIP 87558
   1   40  13.101  +   53   52   5.80   5.662       Star         HIP 7786
   3   16  21.723  -    5   43  49.67   5.662       Star        HIP 15230
  15   38  16.243  +   46   47  51.98   5.665       Star GAI 1401050531326713984
  21   15  46.785  -   36   12  38.55   5.665       Star       HIP 104980
  22   36  38.980  -   48   18  21.78   5.665       Star       HIP 111610
   4   34   8.268  +    5   34   7.04   5.666       Star        HIP 21295
   2   14  31.945  -   41   10   0.35   5.667       Star        HIP 10440
  18   15  17.086  +   68   45  20.94   5.668       Star        HIP 89448
   1   54  22.151  +    8   46  51.69   5.668       Star         HIP 8883
  22   55  10.962  -    4   59  16.45   5.669       Star       HIP 113184
   4   49   5.792  +   61   30  26.60   5.674       Star        HIP 22383
   1   41  44.904  -   11   19  35.46   5.676       Star GAI 2463529885923906432
  10   32  33.610  -   44   37   6.62   5.679       Star        HIP 51610
   0   32  23.779  +    6   57  19.75   5.680       Star GAI 2747935542158907648
  16   41  45.454  -   33    8  44.74   5.681       Star        HIP 81741
  13   21  41.646  +    2    5  14.06   5.681       Star GAI 3712388075021715840
  20    1  58.599  -   13   38  13.98   5.681       Star        HIP 98633
  12   23  47.828  -   30   20   7.50   5.682       Star        HIP 60468
  15   12   4.046  +   22   18  48.35   5.682       Star        HIP 74385
  22   11  51.331  +   16    2  26.00   5.683       Star       HIP 109577
  12   43  13.086  -   24   59  25.86   5.683       Star        HIP 62062
  10   20  31.151  +   54   13   0.62   5.683       Star        HIP 50635
   3   26  22.525  -   27   19   2.93   5.685       Star        HIP 16029
  21    3  47.622  +   53   17   9.28   5.686       Star GAI 2170445612615808512
  22   56  47.800  -   47   58   9.19   5.686       Star       HIP 113307
  13   32  35.898  -   28   41  33.96   5.687       Star        HIP 66065
   3   30  45.420  +    6   11  19.34   5.689       Star        HIP 16358
  12   48  54.213  +   14    7  21.31   5.690       Star        HIP 62541
  19    2  52.621  +   19   39  39.64   5.691       Star        HIP 93523
  16   53  25.213  -   20   24  56.88   5.691       Star GAI 4127420626087054976
   4   30  40.330  -   35   39  12.64   5.692       Star        HIP 21042
   5   47  29.481  -   41   35  24.74   5.692       Star        HIP 27344
  18   23  12.162  -   12    0  53.12   5.692       Star        HIP 90096
  11    8  49.088  +   24   39  30.58   5.692       Star        HIP 54487
  23    5  12.854  -   17    4  45.28   5.693       Star       HIP 113998
  23    8  35.596  -   73   35  10.03   5.696       Star       HIP 114268
   6   58  57.024  +    3   36   8.48   5.697       Star        HIP 33603
   6   45  23.364  -   23   27  44.75   5.699       Star        HIP 32368
   8   25   4.887  +   35    0  41.07   5.699       Star        HIP 41262
   1   41  39.237  +   30    2  49.63   5.699       Star         HIP 7906
  12   48  39.707  +   60   19  11.60   5.700       Star GAI 1579858609793019264
  20   24  41.757  +    1   22   6.83   5.701       Star       HIP 100672
  23   29   0.663  -    9   15  57.95   5.702       Star       HIP 115906
  12   25  18.410  -   27   44  56.41   5.702       Star        HIP 60603
   0   36  27.345  +   60   19  34.37   5.702       Star         HIP 2876
  19   58  41.291  -   69    9  50.24   5.702       Star        HIP 98332
   3   28  20.701  +   33   48  27.21   5.705       Star        HIP 16168
  10   39   7.632  +   37   54  36.00   5.707       Star        HIP 52139
  12   17  30.574  +   28   56  13.89   5.709       Star        HIP 59923
  22   14  44.361  +   42   57  14.04   5.710       Star       HIP 109831
   2   23   6.598  -   37   34  34.11   5.711       Star        HIP 11121
   4   26   1.349  +    4   22  24.44   5.713       Star GAI 3283752881502155776
  16   15  47.322  +   27   25  19.50   5.717       Star        HIP 79686
   5   42  14.476  -   17   31  49.35   5.717       Star        HIP 26866
  18   37  33.517  +   62   31  35.67   5.718       Star        HIP 91315
   0   24  29.650  -    2   13   8.63   5.720       Star         HIP 1939
   5    0  13.237  -   78   18   0.10   5.720       Star GAI 4624295840546956928
  13   49  45.517  +   61   29  21.51   5.720       Star GAI 1664228912995888768
  15   24   5.117  +   45   16  15.71   5.721       Star        HIP 75369
  18    0   0.081  -   20   20  22.37   5.721       Star        HIP 88125
   4   53  30.497  -   66   40  31.49   5.722       Star GAI 4661781731011633920
  12   58  47.340  +   75   28  21.08   5.724       Star GAI 1691904445300843392
   1   16  18.922  +   33    6  52.99   5.725       Star         HIP 5936
  18   10  31.640  +   54   17  11.59   5.726       Star        HIP 89047
  13   37   6.011  -   44    8  35.53   5.727       Star        HIP 66427
   2   42  21.936  +   20    0  41.28   5.728       Star GAI 84944355647503360
  11   51  41.609  -   30   50   5.31   5.728       Star        HIP 57841
   4   41  19.761  +   28   36  53.96   5.729       Star        HIP 21819
  18   45  23.883  -   56   52  55.09   5.729       Star        HIP 92021
  22   35  36.376  -   23   59  27.94   5.729       Star       HIP 111515
  14   50  15.811  +   23   54  42.63   5.729       Star        HIP 72567
  20    0  48.324  -   45    6  46.52   5.731       Star        HIP 98512
   6   30  59.895  -   40   54  58.51   5.731       Star        HIP 31056
  20   33   6.585  +   54   27  25.08   5.732       Star       HIP 101412
  12   13  25.037  -   38   55  45.07   5.732       Star        HIP 59607
   4   46  44.477  +   40   18  45.32   5.733       Star        HIP 22220
   0   58  14.219  +   33   57   3.18   5.735       Star         HIP 4552
  17   43  59.169  +   53   48   6.15   5.738       Star GAI 1416872022613598464
  10   19  26.789  +   48   23  48.35   5.739       Star        HIP 50546
  18   31   4.449  +   16   55  42.80   5.739       Star        HIP 90762
  17   30  43.575  +   57   52  36.57   5.740       Star        HIP 85692
  20   33  54.844  +   46   41  37.87   5.740       Star GAI 2071438198315555584
  13   25   6.678  +   23   51  15.91   5.740       Star        HIP 65466
  17   43   5.545  +   44    5   3.55   5.743       Star        HIP 86713
  20   15  50.612  -   30    0  18.99   5.743       Star GAI 6797430785586187776
   5   21  43.562  +    8   25  42.80   5.744       Star GAI 3337540818534302720
  14   33  32.368  -   54   59  55.04   5.744       Star GAI 5894368453701798144
   6   19  38.170  -   22    6  11.23   5.746       Star        HIP 30062
  18   23  59.958  +   43   54  27.82   5.746       Star        HIP 90170
  16   51  24.928  +    1   12  57.41   5.746       Star GAI 4384585813019998208
   7   28  51.408  -   64   30  35.30   5.748       Star        HIP 36346
  23   57   8.159  -   26   37  24.40   5.748       Star       HIP 118076
  18   37  35.963  -    0   18  34.11   5.750       Star        HIP 91322
  15   56   5.911  -   60   28  56.94   5.750       Star        HIP 78045
  20    1  23.847  -   22   44  14.31   5.752       Star        HIP 98575
  23   39  21.137  +   74    0   9.64   5.752       Star GAI 2229060783650256512
   1   27  46.542  -   10   54   5.69   5.753       Star         HIP 6822
   7   36  34.706  +    5   51  43.82   5.754       Star        HIP 37031
  13   58  38.923  +   21   41  46.32   5.754       Star GAI 1250431250935384960
  11    6  44.028  +   17   44  14.51   5.755       Star        HIP 54319
   3    4  38.094  +    1   51  48.97   5.758       Star        HIP 14315
  12   59  39.534  -    3   48  42.97   5.759       Star GAI 3679035317505913216
  22    1  50.587  +   52   52  56.10   5.760       Star       HIP 108758
   9   31  55.709  -   10   22  13.23   5.760       Star        HIP 46768
  10   23   0.448  +    6   32  33.52   5.762       Star        HIP 50851
  17   16  42.747  -    6   14  41.91   5.764       Star        HIP 84524
  18   43  51.499  +   10   54   4.12   5.765       Star        HIP 91882
   7   49  40.991  -   66   11  45.50   5.767       Star GAI 5275049837626917504
  19    6  38.396  +   24   15   2.82   5.768       Star        HIP 93845
  17    0  32.362  -   45   27   6.32   5.769       Star        HIP 83230
  10   11  19.072  -   18   57  25.78   5.769       Star GAI 5669404973009307648
  22    7  50.304  +   21   42  10.54   5.771       Star       HIP 109240
  22    8  58.990  -   18   31  10.54   5.774       Star       HIP 109332
  11    9  16.743  +   51   22  44.36   5.775       Star        HIP 54518
  12    5  39.701  +   62   55  59.23   5.775       Star        HIP 58989
   1   11  10.277  +   37   43  26.85   5.776       Star         HIP 5550
  15   23   1.781  -   15    8   2.54   5.777       Star GAI 6259917518276507008
   3   33  35.034  +   39   53  58.12   5.778       Star        HIP 16591
  14   11  15.121  +   32   17  45.21   5.779       Star        HIP 69316
  17    3  52.658  +   19   41  25.85   5.780       Star        HIP 83493
  13   44  45.664  -   25   30   3.36   5.781       Star        HIP 67071
   9   52  30.388  -    8    6  18.79   5.782       Star        HIP 48437
  14   13  40.790  -    0   50  43.67   5.782       Star        HIP 69493
   6    6   5.539  -   29   45  31.05   5.784       Star        HIP 28899
   5   11  19.176  -    2   29  26.82   5.785       Star        HIP 24162
   3   28  26.567  +   22   48  14.43   5.786       Star        HIP 16181
  13   31  15.766  +   42    6  22.15   5.787       Star        HIP 65951
   3   30  51.708  -   66   29  22.96   5.787       Star        HIP 16368
   1   53  23.173  -   38   35  40.67   5.788       Star         HIP 8820
  13   50  24.679  +    5   29  50.00   5.788       Star        HIP 67545
  23   22  28.579  +   25   55   6.54   5.788       Star       HIP 115389
   8   22  49.937  -   26   20  53.60   5.789       Star        HIP 41074
  21    6  23.302  +   71   25  54.47   5.789       Star       HIP 104171
   6    7  26.757  +   41   51  15.42   5.790       Star        HIP 29025
  19   23   4.448  -    7   24   2.22   5.793       Star        HIP 95281
   9    8  47.331  +   26   37  44.82   5.794       Star GAI 689004018040211072
  16   20   4.275  +   21    7  57.40   5.794       Star        HIP 80021
  19   20  26.191  -   31   49   3.36   5.794       Star        HIP 95054
  17    4  49.773  +   48   48  14.24   5.796       Star        HIP 83575
  18   50  31.170  -   13   34  20.13   5.797       Star        HIP 92456
   6   13  45.342  +   51   10  20.89   5.798       Star        HIP 29569
   8   34   1.614  -    2    9   5.60   5.798       Star        HIP 42028
  17   33   7.389  -   41   10  23.04   5.799       Star        HIP 85889
  13   40  39.078  +   28    3  54.58   5.799       Star        HIP 66725
   2    4  12.466  -   11   51  35.16   5.799       Star GAI 2461220327389863552
  21   22  42.058  +   30   18  35.58   5.800       Star       HIP 105558
  15    2   6.433  -   28    3  38.21   5.800       Star        HIP 73566
  23   57   3.632  +   42   39  29.64   5.802       Star       HIP 118071
  17   50  43.604  +   11   56  47.58   5.802       Star        HIP 87335
  20   30   0.718  +   72   31  54.12   5.803       Star       HIP 101134
  22   37   4.849  +   12   34  36.54   5.803       Star       HIP 111649
  12   44  59.405  +   39   16  44.10   5.803       Star        HIP 62207
  12   13  25.939  +   10   15  44.42   5.804       Star        HIP 59608
  22   59  10.341  +   52   39  16.31   5.805       Star       HIP 113501
  17   38  11.988  -   28    2  48.35   5.806       Star        HIP 86317
  11   43  55.121  -    6   40  37.79   5.807       Star        HIP 57214
  11   59   3.337  +    0   31  50.45   5.807       Star        HIP 58445
   6   39   5.301  +   22    1  51.18   5.810       Star        HIP 31813
  19   22  33.354  +   33   31   5.38   5.811       Star        HIP 95235
  22   36  48.679  +   35   39   8.71   5.812       Star       HIP 111627
   9   45  30.987  +   78    8   4.95   5.815       Star        HIP 47884
  16   41  36.699  +   26   55   0.77   5.817       Star        HIP 81729
  20    3  12.593  +    4   43  48.95   5.818       Star GAI 4248206135929390080
  11   29  38.619  -   24   27  50.48   5.819       Star        HIP 56078
  21   44  31.330  +   14   46  18.98   5.820       Star       HIP 107350
  22   42  43.082  -   44   14  52.88   5.824       Star GAI 6519991463228737152
   2   53  34.397  -   38   26  13.20   5.825       Star        HIP 13473
  15   13  35.581  +   38   15  52.91   5.825       Star        HIP 74514
   6   49  49.836  +   16   12  10.38   5.826       Star        HIP 32753
  16   24  10.829  +    6   56  53.56   5.828       Star        HIP 80351
   7   21   3.099  +   42   39  21.29   5.828       Star        HIP 35623
   0   35  32.833  -    0   30  20.20   5.828       Star         HIP 2787
  13   53   8.436  +   40   20  16.71   5.830       Star        HIP 67778
  21   55  11.491  -   61   53  13.24   5.834       Star GAI 6408955426068786688
  12   29   9.691  -    2   25  46.43   5.836       Star        HIP 60924
  13   46  43.323  +   25   42   8.05   5.839       Star        HIP 67239
   1    6   7.714  -   23   59  32.94   5.840       Star GAI 2350958071541408000
  14    2  12.189  +   45   45  12.45   5.841       Star        HIP 68567
  14    3   4.069  -   17   22   1.25   5.846       Star        HIP 68643
   7   12   7.492  +    5   28  27.65   5.847       Star GAI 3140656047354521600
   0   10  26.758  +   28   39  10.39   5.847       Star          HIP 852
   0   57  39.645  +   45   50  21.77   5.847       Star         HIP 4501
  23   34   9.015  -    1   14  51.22   5.848       Star GAI 2641159940760868736
  14   33  38.294  +   79   39  37.53   5.850       Star        HIP 71196
   0   36  47.311  +   15   13  54.19   5.852       Star         HIP 2903
  15    6  27.143  -   22    1  54.59   5.853       Star        HIP 73927
   3    7  48.944  -   69   15  53.78   5.853       Star GAI 4646368845711415936
   1   33  39.171  -   78   30  17.35   5.854       Star         HIP 7271
  21    6  23.480  +   26   55  27.70   5.859       Star       HIP 104172
  19   45  39.947  +    7   36  47.37   5.860       Star        HIP 97229
  15   39  18.397  -   77   55   4.82   5.860       Star        HIP 76664
  23   35  26.819  +    8   31  10.95   5.862       Star       HIP 116417
  18    9  43.380  -   13   56   3.97   5.863       Star        HIP 88981
  22   29  46.160  -   27    6  26.32   5.864       Star GAI 6621985563430785664
   0   37   7.190  +   24    0  50.90   5.868       Star         HIP 2926
   7   26  42.466  -   34    8  26.50   5.868       Star        HIP 36143
  15   20  53.678  -   18    9  31.18   5.868       Star        HIP 75110
  12   36  47.354  -    5   49  54.84   5.869       Star        HIP 61558
   0   44  57.053  -   42   40  35.61   5.870       Star         HIP 3521
  16   31  28.227  +   72   36  44.42   5.873       Star        HIP 80920
   5   47  14.685  +   42   31  36.29   5.874       Star        HIP 27319
  14    2  31.846  +    9   41   9.94   5.875       Star        HIP 68594
  11   30  54.882  +   28   27   5.65   5.876       Star        HIP 56178
  10   57   7.847  -   50   45  54.06   5.876       Star        HIP 53530
   9   41  38.485  +   25   54  46.36   5.877       Star        HIP 47550
   2   42   8.444  -   46   31  27.99   5.877       Star        HIP 12611
  17    8  47.539  -   30   24  13.38   5.878       Star        HIP 83896
  17   47   8.046  +   17   41  49.28   5.879       Star GAI 4550988754628474624
  20   32  20.414  +    2    7  58.10   5.879       Star       HIP 101339
   0   22  25.483  +   13   28  56.96   5.879       Star         HIP 1772
  19   34   8.486  -   40    2   4.70   5.880       Star        HIP 96234
   4   52  47.117  +   27   53  50.96   5.880       Star        HIP 22697
   8    9  23.053  +   42   25  50.19   5.880       Star        HIP 39938
  15    8  53.513  +   13   14   6.85   5.881       Star GAI 1182534380695619200
  21   31  27.470  +   52   37  11.51   5.881       Star GAI 2172596875843165696
   6   17  44.981  +   39   28  25.96   5.881       Star        HIP 29901
   0   38  48.783  -   25    6  28.14   5.882       Star         HIP 3056
   1    6  33.627  +   12   57  21.73   5.883       Star         HIP 5204
  13    6  22.883  +   62    2  30.73   5.883       Star        HIP 63952
   2   48  45.903  +   25   11  16.99   5.883       Star GAI 114312345585489792
   3   53  10.046  +   17   19  37.51   5.884       Star        HIP 18170
  17   35  42.370  +   37   18   5.74   5.884       Star        HIP 86096
  23   41   6.984  -   24    9  37.73   5.886       Star       HIP 116851
  13   37  23.476  -   46   25  40.43   5.887       Star        HIP 66454
  21   33  17.613  -   52   44  15.98   5.887       Star       HIP 106419
   6   30  46.285  -   27   46  10.49   5.888       Star GAI 2898775407773882496
   5   27  54.702  +   48   13  35.91   5.890       Star        HIP 25569
  11   37  53.001  +   50   37   5.47   5.890       Star GAI 791573953103454848
   3   11  16.729  -   16    1  29.87   5.890       Star        HIP 14814
  15   14  18.808  -   14   12  34.11   5.892       Star        HIP 74581
  22   25  40.699  +   18   26  39.52   5.893       Star       HIP 110696
  23   54  38.621  -   40   18   0.22   5.893       Star       HIP 117880
  10   14  29.752  +   21   10   4.97   5.895       Star        HIP 50174
   8   37  27.174  -    4   56   2.41   5.896       Star        HIP 42299
   6   31   9.993  +   16   56  19.07   5.898       Star GAI 3369454521490604416
  17   47  36.780  -   14   43  32.97   5.898       Star        HIP 87074
  19   41  14.649  +   22   27   9.98   5.898       Star        HIP 96856
  19   16  51.386  +   46   59  56.77   5.899       Star        HIP 94755
  22   35  48.801  -   17   27  37.54   5.900       Star       HIP 111539
  17    1  16.925  +   60   38  55.52   5.904       Star        HIP 83289
   2   11  22.226  -   10    3   7.78   5.904       Star        HIP 10215
   4   12  48.038  -   23   49  16.23   5.905       Star        HIP 19666
  15   46  45.424  -    6    7  13.29   5.906       Star        HIP 77287
  14    6  30.027  -   34   53  55.34   5.906       Star GAI 6122221863199412864
  10   45   9.406  +    2   29  16.35   5.908       Star GAI 3809266869178231936
   4   29  51.938  +   69   22  41.93   5.908       Star        HIP 20974
  19   54  17.745  -   23   56  27.86   5.908       Star        HIP 97944
  21   53  57.847  +    6   51  53.44   5.908       Star GAI 2700625515320527744
   1   24  48.681  -    2   50  54.92   5.909       Star         HIP 6605
  12    0  42.222  -   21   50  14.99   5.909       Star GAI 3494239264355311616
  20   46   9.988  -   21   30  50.53   5.910       Star       HIP 102487
  19    7  57.320  +   16   51  12.17   5.910       Star GAI 4513165073646443008
  14   12  24.567  -   24   21  48.08   5.911       Star        HIP 69398
  19   26  26.497  +   62   33  25.79   5.911       Star        HIP 95576
   7   51   5.711  +   54    7  45.27   5.913       Star        HIP 38325
  13    0  32.642  -   33   30  18.35   5.913       Star GAI 6180149633308111616
   3   34   8.378  +   17   49  58.18   5.915       Star        HIP 16641
   0    7  46.900  -   22   30  30.81   5.917       Star          HIP 636
   4    0  40.657  -   30   29  26.55   5.919       Star GAI 4887069052181688192
   8   20  32.136  +   24    1  20.32   5.921       Star        HIP 40881
  21   44  29.472  -   38   33   9.10   5.925       Star       HIP 107344
  13   20  48.339  -   55   48   2.48   5.928       Star        HIP 65129
   1    8  21.837  +    9   54  29.52   5.929       Star         HIP 5344
   0    4  54.758  +   34   39  36.74   5.930       Star GAI 2876698936572615424
  16   49  34.658  +   13   15  40.10   5.931       Star        HIP 82350
  11   48  38.711  +   14   17   3.14   5.931       Star        HIP 57606
   8   25  55.590  -   14   55  46.78   5.934       Star        HIP 41328
  17   26  46.145  +   34   41  44.88   5.935       Star        HIP 85382
  20   31  21.151  +   52   18  34.28   5.935       Star       HIP 101245
  11   20  53.798  +   67    6   2.70   5.936       Star GAI 1060651214654122112
   9   49  28.453  +   36   44  50.59   5.936       Star        HIP 48192
  19   49  11.611  -   28   47  20.29   5.936       Star        HIP 97515
  23   32  12.675  -   11   32  40.40   5.938       Star       HIP 116163
   7   52  47.857  -    5   25  41.29   5.939       Star GAI 3044350064397751808
   3    4  40.643  +   15   51  21.68   5.941       Star        HIP 14318
  13   26  11.415  -    1   11  32.90   5.942       Star        HIP 65545
   0   28  20.042  +   10   11  23.30   5.942       Star GAI 2751054066372848768
  14   29  50.518  +    0   49  44.15   5.944       Star        HIP 70894
   5   44   8.446  +   61   28  35.53   5.945       Star        HIP 27046
   3   58  42.902  -   57    6   8.50   5.945       Star        HIP 18592
  11   14  37.774  -   26    4  30.77   5.946       Star GAI 3532649053804612224
  22   59  11.811  +   11   43  43.79   5.946       Star GAI 2718603526867397504
   9   17  31.179  +   46   49   2.02   5.948       Star        HIP 45590
   5   51  59.587  -   29   26  57.93   5.952       Star        HIP 27705
   9   32  41.394  +    1   51  50.85   5.953       Star GAI 3841515476501420928
  19    6  55.607  -   48   17  56.92   5.953       Star        HIP 93862
   0   37  30.492  +    3    8   7.27   5.953       Star         HIP 2954
  21   28  59.918  +   17   54  21.28   5.954       Star       HIP 106064
  16   48  26.978  -   14   54  33.91   5.955       Star        HIP 82259
   0   30  55.079  +   77    1   9.86   5.957       Star         HIP 2422
  21   32  14.570  -   33   56  40.65   5.957       Star GAI 6590806093727126912
  16   43   3.566  -   46    4  13.06   5.957       Star        HIP 81847
   3   30  36.954  -   47   22  30.45   5.958       Star        HIP 16339
  12    1   1.739  -    1   46   5.40   5.958       Star        HIP 58603
  11   42   3.528  -   20   17  39.01   5.959       Star        HIP 57079
   2   30  54.398  +   17   42  13.89   5.959       Star GAI 82712106524911104
  15    0  52.277  +   22    2  44.12   5.960       Star        HIP 73464
   7   38  56.778  -    0   15  37.59   5.961       Star        HIP 37243
  14   14  23.548  +   41   31   7.53   5.962       Star        HIP 69569
   7   22   3.479  +    0   10  37.64   5.964       Star        HIP 35712
  10   28  36.520  +   45   12  43.96   5.965       Star        HIP 51290
  22   52  10.014  -   63   11  19.20   5.966       Star       HIP 112924
  14   51  51.306  -   18   21  19.18   5.968       Star        HIP 72702
  23   29  32.082  -    4   31  57.89   5.970       Star GAI 2633314341181013376
  16   45  53.739  -   83   14  23.55   5.971       Star        HIP 82076
  13   51  51.797  +   10    8   9.32   5.971       Star        HIP 67674
  14    4  14.561  -    5   22  53.11   5.972       Star        HIP 68739
  18   22  35.319  +   12    1  46.85   5.972       Star        HIP 90052
  13    3  53.400  +   43    0  27.34   5.974       Star        HIP 63748
   1   50  15.821  -   12   53  12.85   5.977       Star         HIP 8549
  16   45   0.190  -   28   30  34.77   5.978       Star        HIP 81992
   5   52  55.494  +   68   28  17.56   5.981       Star        HIP 27795
  21   36  13.982  +   30    3  19.52   5.982       Star       HIP 106661
  17   22  12.998  -   41    7  16.45   5.982       Star GAI 5959852858004244992
  22   55  14.905  -   36   23  18.87   5.984       Star       HIP 113189
  19   51  26.841  +    4    5  19.06   5.986       Star        HIP 97709
   1   34  51.572  -   23   41  58.85   5.987       Star         HIP 7363
  18    6   7.428  -    0   26  46.06   5.993       Star        HIP 88671
   9   51  14.032  -    4   14  36.06   5.995       Star        HIP 48341
  22   58  15.541  -    2   23  43.38   5.997       Star       HIP 113421
   4   44   5.321  -    8   30  12.85   5.997       Star        HIP 22024
  23   28   0.693  -   35   32  40.13   5.997       Star       HIP 115833
  14   30  46.070  +   63   11   8.83   5.998       Star        HIP 70952
  19   25   9.963  -   51    6   2.26   5.999       Star        HIP 95468
   3    8  38.792  +    8   28  15.86   5.999       Star        HIP 14607
   6   44  11.512  +   53   17  45.38   5.999       Star        HIP 32261
  11   41   1.308  -   83    5  59.78   6.001       Star        HIP 56996
  18   19  56.062  +   51   20  52.16   6.001       Star        HIP 89835
  12   15  10.594  -   10   19   0.88   6.003       Star GAI 3581001280225616128
  21   32  22.111  -   12   16   2.31   6.004       Star       HIP 106351
  19   12  17.402  +   41   14  15.83   6.006       Star        HIP 94354
   3   38  47.671  -   27   56  34.99   6.006       Star        HIP 17007
  22   31  18.486  -    6   33  20.28   6.007       Star GAI 2622845684814477696
  20   59  59.693  -   36    7  46.70   6.007       Star       HIP 103646
  22   32  46.909  +   15   51  47.75   6.008       Star       HIP 111296
  16   38   1.553  -    6   32  16.85   6.009       Star        HIP 81440
   6   24  43.748  +   25    2  55.39   6.010       Star GAI 3383741472501445888
   3   28  17.271  -   57   52  56.05   6.012       Star GAI 4730064495451694592
  20   46  21.205  +   52   59  43.07   6.013       Star       HIP 102499
  11   22  51.244  +   64   19  49.84   6.013       Star        HIP 55564
  21   26  28.053  +    1    6  12.09   6.015       Star       HIP 105864
  12   57  33.129  -   22   45  12.60   6.015       Star        HIP 63243
  13    3  46.261  -   20   35   0.27   6.020       Star GAI 3505870654267263232
   4   12  20.347  -    4   24  36.97   6.024       Star        HIP 19626
  12   54  30.207  -   20    5  52.90   6.026       Star        HIP 62996
   6    0  24.282  +   16   17  56.25   6.027       Star        HIP 28447
   9   55   3.357  +   61    6  58.05   6.028       Star        HIP 48638
  18   13   4.819  +   38   46  24.57   6.028       Star        HIP 89279
   2   59   1.352  -   34   11  20.66   6.031       Star        HIP 13904
   0   26  37.411  -    0    2  58.28   6.032       Star GAI 2543733074418301440
  18    6  53.474  +   50   49  22.18   6.033       Star GAI 2124678475467156992
  11   49   1.281  -    0   19   7.22   6.033       Star        HIP 57629
  18   17  36.246  -   34    6  26.16   6.034       Star        HIP 89637
   8   20  13.000  -    0   54  33.53   6.035       Star        HIP 40858
   4   25  42.314  -    9   55  35.88   6.037       Star        HIP 20675
  11   13  40.092  +   41    5  19.81   6.037       Star        HIP 54842
  17   11  45.239  +    7   53  41.14   6.039       Star        HIP 84113
  12   17   3.333  -   16   41  37.45   6.040       Star        HIP 59895
  12   38  54.693  -   76    3  57.45   6.041       Star        HIP 61709
   2   24  20.116  -   25   50  50.86   6.046       Star        HIP 11212
  22   38  22.146  -    7   53  51.21   6.046       Star       HIP 111761
  19   21  40.330  +   79   36  10.21   6.047       Star        HIP 95167
  20   23   0.790  -    9   39  16.96   6.048       Star       HIP 100524
   5    3   2.084  -   42   29  52.48   6.052       Star        HIP 23495
  21   13  29.448  -   47   33   2.52   6.056       Star       HIP 104773
  12   33   2.879  +   10   17  44.41   6.057       Star        HIP 61246
   0   47  13.626  +   19   34  43.34   6.057       Star         HIP 3685
   7   22  18.591  -    2   58  44.86   6.057       Star GAI 3061413454068515456
   6   52  22.862  -    5   18  58.60   6.059       Star        HIP 32990
  13   12   8.405  +   24   15  28.95   6.060       Star GAI 1446909134096236544
   4   21  45.664  -   37   46  54.63   6.062       Star        HIP 20372
  13   13  57.566  +    1   27  23.20   6.062       Star        HIP 64556
   7    1  56.931  +   63   40  36.92   6.063       Star        HIP 33880
  14   55  22.849  +    6   47   5.17   6.063       Star        HIP 73019
   9   25  32.501  +   16   35   8.11   6.065       Star        HIP 46232
  22   20  55.797  +    8   11  12.27   6.066       Star       HIP 110341
  16   40  51.340  +   12   23  42.15   6.069       Star        HIP 81659
  12   25   6.361  +   63   48  10.00   6.070       Star        HIP 60589
   3   47  32.148  +   55   55  19.05   6.071       Star        HIP 17707
  23   42  43.862  +   16   20   8.59   6.071       Star       HIP 116972
   1   47  38.834  -   20   50  42.62   6.076       Star         HIP 8347
   0   57  54.511  +   13   41  45.10   6.077       Star         HIP 4520
  21   21  49.099  -   29    9  57.86   6.077       Star       HIP 105476
  16    5  59.814  -    6    8  23.11   6.079       Star        HIP 78870
   1   25  35.677  +   23   30  41.46   6.079       Star         HIP 6669
   3   23  44.621  -   32   42  25.51   6.079       Star        HIP 15816
  21    4  45.376  +    2   16  11.21   6.079       Star       HIP 104048
   5   22  22.147  -   56    8   3.84   6.083       Star        HIP 25098
   7   58  16.565  +   43   58  38.56   6.085       Star        HIP 38959
  12   47  13.639  +   11   57  29.11   6.085       Star        HIP 62394
   2   30  38.417  +   19   51  19.09   6.086       Star        HIP 11678
   1   41  18.376  +   25   44  44.57   6.087       Star         HIP 7874
  16   56   1.844  -   16   48  22.56   6.087       Star        HIP 82861
  14   35  55.012  -   69   58  14.00   6.090       Star        HIP 71390
  11   36  59.870  -   22   56  53.11   6.090       Star        HIP 56654
  22   38  55.594  -   38   28  38.43   6.091       Star       HIP 111815
   5   37   8.772  -   11   46  31.86   6.092       Star        HIP 26395
  13    2  22.656  -   28   17  10.71   6.094       Star        HIP 63623
  21   31   9.629  +   12    8  14.91   6.095       Star       HIP 106243
   4   31  56.946  +   36   44  33.68   6.096       Star        HIP 21144
   0    0  19.174  -   44   17  27.55   6.096       Star GAI 4994581292009978112
  13   52  18.406  +   12    9  54.50   6.096       Star        HIP 67714
  19    4   1.017  -   57   57  35.86   6.096       Star        HIP 93629
  21   58  30.114  -   41   43  15.55   6.100       Star       HIP 108479
   9   52  11.982  +    0    4  32.17   6.102       Star GAI 3833927540599895040
   0   51  18.324  +    3   23   6.09   6.108       Star         HIP 3992
  12   32  32.803  -   21   12  43.62   6.108       Star        HIP 61208
   6   43  36.755  -   73    7   5.55   6.111       Star        HIP 32222
  10   22  12.937  -   19   51  59.66   6.111       Star        HIP 50790
   1   58  26.680  -   33    4   0.46   6.112       Star GAI 5017705602091851264
  12   48  47.048  +   24   50  24.82   6.115       Star        HIP 62523
   3   40  11.437  -   15   13  35.52   6.115       Star GAI 5112189694281568768
  15   25  53.270  +   19   28  50.55   6.117       Star        HIP 75535
  19   43  37.618  -   37   32  19.55   6.118       Star        HIP 97067
   5   14  44.273  +   53   12  50.21   6.119       Star        HIP 24451
  11   31  47.553  -   20   46  35.30   6.119       Star        HIP 56245
  17   22  51.288  -    2   23  17.44   6.122       Star        HIP 85042
   1   23  21.486  -   17   56   2.14   6.123       Star         HIP 6487
  22   42  52.998  +    4   58   7.63   6.124       Star       HIP 112138
  23   44  29.065  -   26   14  47.88   6.125       Star       HIP 117107
   1   44  57.564  -   28   43  35.57   6.125       Star         HIP 8160
  14   28  31.956  -   10    0  15.43   6.126       Star        HIP 70784
   1   37  37.706  -    9   24  13.76   6.128       Star GAI 2464859126762143616
   8   16   9.858  +   46   48   7.94   6.129       Star        HIP 40503
  20   21  41.037  -   49   59  57.90   6.129       Star       HIP 100412
   3   56  37.933  -    9   45   3.01   6.130       Star GAI 3193609386337682304
  21   45  18.736  -   49   29  55.54   6.131       Star       HIP 107409
  12    4  28.108  +   85   35  13.67   6.131       Star        HIP 58874
   2   51  20.371  +    2   10  22.10   6.132       Star        HIP 13313
   4   10  45.871  -   35   16  25.64   6.132       Star        HIP 19509
   0    2  57.488  -   20    2  45.18   6.134       Star          HIP 238
   1   30  52.120  +   66    5  53.12   6.135       Star         HIP 7050
   5    6  27.516  +   34   51  18.17   6.137       Star GAI 184928101924701696
  15   40  10.928  -   56   54  52.63   6.138       Star GAI 5882714008407129984
  14    3  55.755  +    4   54   3.50   6.139       Star        HIP 68707
  22   47  35.663  -   65   33  36.91   6.140       Star       HIP 112533
  17   27   9.883  -   15   51  12.11   6.143       Star        HIP 85405
  20    8  31.271  -   10    3  45.34   6.148       Star        HIP 99221
  23   13  59.360  +   19   38   2.05   6.150       Star       HIP 114686
   8   36  40.832  +   49   22  34.64   6.152       Star        HIP 42239
   4   49  42.244  -   13   46  10.81   6.154       Star        HIP 22439
  18   24   9.265  +   83   10  31.43   6.155       Star        HIP 90182
  16   57  20.249  +    6   12  40.69   6.155       Star        HIP 82971
   7   44  13.013  -   69   49  17.81   6.156       Star GAI 5264684329193948672
  13   23  57.083  -   20   55  28.50   6.157       Star        HIP 65381
  14   52  33.101  -   30   34  38.12   6.158       Star        HIP 72772
   9    1  31.310  -    4   27  21.64   6.159       Star        HIP 44316
   3   23  36.305  +    0   54  36.30   6.160       Star        HIP 15800
  17   31  44.374  -   26   16  10.96   6.161       Star        HIP 85783
   8   17  58.281  -   30    0  13.31   6.162       Star        HIP 40656
  21   23  55.895  -   25   12   8.94   6.164       Star       HIP 105646
  18   36  45.549  +   43   13  18.54   6.165       Star        HIP 91250
  23   21  49.269  +   20   38  15.94   6.166       Star       HIP 115345
   9   44  30.005  +   18   51  48.57   6.166       Star        HIP 47779
   9   37  37.510  +   60   12  49.26   6.168       Star        HIP 47231
   5   33   1.771  -   25   22   1.52   6.168       Star        HIP 26005
  11   56  43.915  -   47    4  20.56   6.169       Star        HIP 58242
  23   17  16.674  +   45    9  51.00   6.169       Star       HIP 114981
  18   59  23.806  -   12   50  26.17   6.172       Star        HIP 93225
   8   27  36.785  +   45   39  10.75   6.173       Star        HIP 41484
   1    4  32.575  -   33   31  58.31   6.173       Star GAI 5027189851953932032
  16   13  38.596  -    1   28  30.47   6.175       Star        HIP 79522
  20   13   3.137  +   11   51   3.12   6.175       Star        HIP 99623
   7   10   9.368  -   18   41   8.31   6.177       Star GAI 2934241052985789568
  20   33  59.924  +    4   53  55.18   6.178       Star       HIP 101489
  20   40  11.755  -   23   46  25.92   6.180       Star       HIP 101997
  20    8  29.205  -   15    1  55.13   6.181       Star        HIP 99216
  19   13   9.149  -   77   51  50.61   6.181       Star        HIP 94428
  14   38  28.965  -    3   36  39.89   6.182       Star        HIP 71589
   3   56  36.297  +   74    4  48.12   6.183       Star        HIP 18451
   8    2  25.969  -    6   20  13.69   6.184       Star        HIP 39326
   1   21  51.943  +   50    7  19.12   6.186       Star GAI 400665958469700608
  13   16  28.635  +   68   24  28.79   6.188       Star        HIP 64774
  21   25  46.379  +   15   37   3.79   6.189       Star       HIP 105810
  14   42   3.248  +   61   15  42.89   6.190       Star        HIP 71876
   3   29   3.803  +    3   14  55.34   6.190       Star        HIP 16226
  10   40  51.539  -   35   44  30.18   6.192       Star        HIP 52273
  14    8  46.046  +   59   20  15.53   6.196       Star        HIP 69107
  16   54  10.605  -    1   36  44.29   6.196       Star        HIP 82693
   9   41  52.294  -   30   18  12.17   6.199       Star        HIP 47564
  14   29  36.809  +   41   47  45.29   6.201       Star        HIP 70873
  10    2  49.300  -   30   34  39.09   6.204       Star        HIP 49222
   9   37  45.935  -    3   10  14.30   6.205       Star        HIP 47242
  12    5  56.662  -   35   41  38.11   6.207       Star GAI 3462375825402741248
  13   48  38.867  -    2   50  25.71   6.209       Star        HIP 67385
  12   15   6.399  -   29   14  14.12   6.209       Star        HIP 59742
   3   11   5.283  -   13   15  51.42   6.213       Star        HIP 14797
  21   37  33.763  -    0   23  26.02   6.215       Star       HIP 106758
  16   22  38.905  -    2    4  47.52   6.216       Star GAI 4358758216162768000
  15   22  57.058  -   26   41  19.55   6.217       Star        HIP 75288
  21    9  44.055  -   44   12  35.35   6.219       Star       HIP 104469
  23   50  35.640  -   47   22  36.99   6.222       Star       HIP 117571
  16    9  41.404  +    0   49  11.41   6.223       Star GAI 4411435062335666048
   3   34  52.406  -   25   34  58.18   6.224       Star        HIP 16697
  17   28   2.338  -    8   12  30.15   6.225       Star        HIP 85474
  20   53   1.155  -   23   46  59.56   6.226       Star GAI 6806027587829722880
   6   59  44.435  +   52   34  20.75   6.226       Star        HIP 33672
   6   24  38.965  +   35   15  18.09   6.227       Star        HIP 30497
  12    3  33.185  +   29   40  44.79   6.233       Star        HIP 58795
  17   16  35.648  -   74   31  58.84   6.233       Star        HIP 84510
  10   13  24.729  -   33    1  54.19   6.234       Star        HIP 50075
  13   34  40.399  -   13   12  51.64   6.234       Star        HIP 66247
  14   43  25.837  -    9   41  59.07   6.237       Star        HIP 71997
   3   15   0.272  -   26    6   1.65   6.237       Star        HIP 15125
   3   45  23.736  -   71   39  29.27   6.238       Star        HIP 17543
  10   36   1.957  +   80   29  40.67   6.245       Star        HIP 51883
  18    3   8.893  +   48   27  51.39   6.245       Star GAI 2122719386264539136
  11   56  37.686  +   65   14  34.46   6.246       Star        HIP 58232
   0   14  55.898  +   22   17   3.21   6.246       Star         HIP 1193
  20   44  33.031  +   69   45   6.52   6.248       Star       HIP 102370
   8   19  15.083  -   10    9  56.70   6.249       Star        HIP 40766
  16   59   2.573  +   69   11  10.49   6.250       Star        HIP 83114
   8   53   5.946  +   59    3  22.10   6.252       Star        HIP 43624
   0   58  43.793  -   19   37  57.62   6.252       Star         HIP 4586
   2   54  47.158  -    0    2  53.67   6.256       Star GAI 2498042181530016896
  10   15   6.339  +   31   28   5.05   6.257       Star GAI 742899535412100864
   9   24  45.336  +   19   47  11.87   6.257       Star        HIP 46155
  21   36   5.038  +   15    4  55.18   6.259       Star       HIP 106643
  23   55  32.622  +   52   44   8.09   6.259       Star       HIP 117954
  10   44  28.102  -   23   59   7.55   6.259       Star        HIP 52536
   3    3  55.230  -   43   53  52.85   6.260       Star        HIP 14262
  10   35   6.097  +    2   12  16.33   6.260       Star        HIP 51809
  18   18   2.942  +   13   46  37.31   6.262       Star GAI 4497450338019461248
  17    5  34.723  +    3   46   2.94   6.262       Star        HIP 83638
   7   52  34.836  -    2   37  16.22   6.262       Star GAI 3081017127914705792
   2    0  16.901  -   55    0  46.06   6.267       Star         HIP 9362
  21   56   3.446  -   52   27  49.53   6.272       Star       HIP 108268
   3   13   1.489  -   35   56  37.28   6.273       Star        HIP 14972
  12   51  44.737  -   31    5   1.27   6.276       Star GAI 6184579393857676032
  15   22  23.234  +   12   34   3.09   6.278       Star GAI 1170407282837956096
  15    7  19.269  +    8   57  30.56   6.283       Star        HIP 73998
   0    0  12.793  +   38   18  14.57   6.283       Star           HIP 19
  13   59  49.276  -    3   32  59.29   6.285       Star GAI 3645467949064189312
  13   40  21.385  +   57   12  27.37   6.285       Star        HIP 66700
  21   30  40.367  -   14   17  28.37   6.285       Star       HIP 106199
  14   49  26.155  +   10    2  38.97   6.285       Star        HIP 72499
  18   32  37.871  +   46    5  33.18   6.287       Star        HIP 90908
  23   31  30.131  +   28   39  58.22   6.291       Star       HIP 116102
   4   11  31.646  -    0   25  21.00   6.291       Star        HIP 19569
  16   18  14.120  -   34   54  53.03   6.291       Star        HIP 79874
   0   42  37.537  -   36    1  19.76   6.294       Star         HIP 3344
  13   35   1.709  +   12   30  50.25   6.296       Star        HIP 66275
   2    8  31.793  -    6   40  40.77   6.297       Star GAI 2487615409684570240
   6    3   9.998  +    7   37  37.74   6.299       Star        HIP 28667
  19    6  10.759  -    9   37  55.95   6.301       Star        HIP 93801
  14   10  51.852  -   32    4  32.52   6.307       Star        HIP 69271
  18   59  26.858  -   75   23  24.28   6.308       Star        HIP 93233
   1   21  24.621  -   50   56  12.97   6.308       Star         HIP 6336
   7   19  18.146  +   34   32  49.81   6.309       Star GAI 896649331566869888
   2   14  18.981  -   76   21  27.15   6.310       Star GAI 4634044385516106752
  18   18   0.961  -   68   13  45.35   6.315       Star        HIP 89674
  21   58  34.962  -   44    3  45.39   6.319       Star       HIP 108484
  23   31  55.991  -   25   44  38.91   6.319       Star       HIP 116141
   7   37   5.474  +   20    9  24.46   6.321       Star        HIP 37072
  15   44  36.522  +   80   55  55.82   6.321       Star        HIP 77102
   2   11  54.306  -   47   10  13.30   6.323       Star        HIP 10254
  23    4   0.779  +    6   36  58.83   6.323       Star       HIP 113904
  13   37  46.958  -    3   14   9.65   6.324       Star        HIP 66482
  13   25  59.858  +   63   15  40.59   6.327       Star        HIP 65530
   8   46  45.549  -   18   45  28.21   6.328       Star        HIP 43108
   1   35  50.566  -   39   56  49.65   6.331       Star         HIP 7443
   9   49  50.044  +   21   10  45.71   6.334       Star GAI 640100210441202048
   7   56  15.512  +   29   51   7.47   6.337       Star        HIP 38778
  13   48  17.987  -    6   50  14.56   6.338       Star        HIP 67355
   9   39  10.747  +   43    8  39.01   6.341       Star        HIP 47380
  13   33  22.584  +   33   39  27.58   6.346       Star        HIP 66128
  10    4   8.432  +    3   12   3.80   6.349       Star        HIP 49329
   9   43  30.609  -   20   21  57.03   6.350       Star        HIP 47698
  13   22  15.080  +   30   17  30.98   6.355       Star        HIP 65245
  13   43  25.852  +   45   31  12.97   6.359       Star        HIP 66958
   6   18  20.789  +   27   12  36.52   6.362       Star        HIP 29955
   9   26  56.705  +   14   18  11.20   6.367       Star        HIP 46345
  22   31  45.250  -   35   17  25.62   6.368       Star       HIP 111206
  21   22  35.936  +    2   55   6.64   6.369       Star       HIP 105548
  12   43  58.669  -   36   20  56.94   6.372       Star        HIP 62128
  11   20  18.894  -   28   19  56.02   6.374       Star GAI 3531405059477043584
  12    9  12.931  +   17   11   9.93   6.375       Star        HIP 59246
   7   19  32.309  -   61    8  41.91   6.379       Star GAI 5292915183590061312
  12   39  16.861  +   35   57   7.05   6.385       Star        HIP 61748
  16   58  41.561  -   14   52  10.83   6.389       Star        HIP 83090
  10   45  51.937  +   72   17  16.64   6.391       Star        HIP 52639
  14   49  32.382  +   51   22  28.21   6.392       Star        HIP 72508
  10   48   0.767  +   39   44  32.38   6.392       Star        HIP 52822
  19   10   8.266  -   71   32  54.70   6.395       Star        HIP 94168
   1   30  19.438  -   52   29  36.81   6.395       Star         HIP 7015
   3   36  26.178  +   52   55  53.05   6.397       Star        HIP 16820
   6   22  55.171  -   45   37  44.01   6.416       Star        HIP 30339
  11   56  56.227  -   13   45  16.42   6.418       Star        HIP 58264
  10   46  42.723  -   26    2  53.35   6.419       Star        HIP 52721
   5    0  47.253  +    4   34   3.49   6.420       Star        HIP 23310
   4   29  32.633  -   26   16  33.11   6.421       Star        HIP 20953
   0   30   8.685  +    4   51  36.40   6.422       Star         HIP 2358
   7   32   2.218  +   61   45  28.02   6.423       Star        HIP 36634
  23    9  49.550  -   14   30  38.00   6.425       Star       HIP 114371
   8   37  22.107  +   28   17  39.79   6.426       Star GAI 704376496266741888
  10   59  41.089  +   11   42  21.12   6.426       Star        HIP 53737
  21   18  44.402  -   61   21  10.01   6.429       Star GAI 6451858850820471680
   2   59   8.276  -   55   33  55.28   6.429       Star        HIP 13909
   9   21  15.475  +   39   39  59.32   6.432       Star        HIP 45875
   8   56  56.945  +   56   53  20.16   6.434       Star        HIP 43933
   2    2  37.753  -   70   25  10.11   6.435       Star         HIP 9540
  19   44  27.728  -   41   36  32.88   6.436       Star        HIP 97131
  23   51  39.381  -   34   41  29.71   6.437       Star GAI 2312183622189288448
  23   19  59.735  -   47   32  24.52   6.438       Star       HIP 115197
  10   21  21.533  -   25   22  22.80   6.439       Star GAI 5472154025800264960
   0   46  37.272  -   30   11  27.37   6.439       Star         HIP 3637
  20   28  33.171  -   11   47  46.35   6.443       Star       HIP 100992
   1   22  43.056  -   36   35  47.48   6.444       Star GAI 5013145034017111680
  11   53  50.452  +   40   54  46.44   6.444       Star        HIP 58003
   1   22  53.603  +   11   21  59.42   6.449       Star         HIP 6451
   4   14  30.886  -   75   48  29.10   6.452       Star        HIP 19790
  23   45   0.048  -    0   39  37.18   6.454       Star       HIP 117151
  22   28  30.076  -   51   47  16.98   6.461       Star       HIP 110932
   5   29   6.685  -   30    7   0.21   6.465       Star        HIP 25685
  14   34  50.728  -   20   26  21.78   6.467       Star        HIP 71295
   8   12  11.600  +   48   57  33.45   6.468       Star        HIP 40165
  13    6  37.852  -   31   36  42.76   6.469       Star        HIP 63981
   7   45  12.312  -    4   27  14.27   6.470       Star        HIP 37815
  13   11  39.108  -   26   33   6.18   6.472       Star GAI 6186776492967556480
   4   48  33.786  -   43   58  47.93   6.473       Star        HIP 22329
  12   15  34.264  -   31   41  24.70   6.473       Star        HIP 59789
  18   11   7.155  +   60   24  34.32   6.485       Star        HIP 89104
  15    3   6.573  +   44   38  40.18   6.491       Star GAI 1586138058138639616
  22    6  38.883  +    2   26  22.01   6.493       Star       HIP 109155
   4   19  53.629  -   12   23  56.85   6.496       Star        HIP 20212
  15   53  29.001  +   65   17  17.71   6.499       Star        HIP 77824
